Date,AGG,IWM,LQD,QQQ,SPY,TLT
2023-10-25,-0.0074442697869948615,-0.01651970342491038,-0.009100181265094709,-0.024475723587040754,-0.014352280301190068,-0.022261007404220212
2023-10-26,0.006739311991806218,0.0025655309244916324,0.007266382398967819,-0.01906717300360883,-0.011974590583370692,0.015338421714752082
2023-10-27,-0.00032399728655607696,-0.011758341376087333,-0.0020039250038479395,0.004801018598373785,-0.004532829033053409,-0.004248670126937859
2023-10-30,-0.0023761876386194647,0.005548522130258249,-0.0030117976509802524,0.011265362488251274,0.011955819922504274,-0.004504268271484091
2023-10-31,-0.0006496594829896729,0.0086445150012322,-0.0014097682435350034,0.004782443877566767,0.006280241127511577,-0.004881182596164102
2023-11-01,0.011050232695792195,0.005713428693201461,0.01431082339494627,0.017356780346432954,0.010664799767755584,0.021681966888073667
2023-11-02,0.006018622094698056,0.026652993576227413,0.011873980627932434,0.018153365688642564,0.019164268907876814,0.022796691463932595
2023-11-03,0.006088946903328507,0.027197285677131422,0.00493040281580992,0.011748819720472925,0.009123491455198085,0.006778619366827998
2023-11-06,-0.00499051111647586,-0.012493505691497875,-0.0052987656804013294,0.0040793742248677045,0.0023003845137259393,-0.009699971532477147
2023-11-07,0.005335771516566057,-0.003540169655522951,0.007990529209115138,0.009452646484978011,0.002846157123824966,0.014749899991968851
2023-11-08,0.0033967032422854704,-0.010658149993937882,0.005088965871612672,0.0006437984890006465,0.0007323405858767895,0.017033963746809988
2023-11-09,-0.00835732440719672,-0.015482363492997253,-0.010126317978821797,-0.007695512156500328,-0.007798756512030436,-0.023001400171015263
2023-11-10,0.0023470790612454273,0.011181621889847726,0.005016636479544534,0.02248238613596909,0.015604797199694875,0.005600136424347646
2023-11-13,-0.0001066339213847689,0.0003547040769729115,9.778675967275774e-05,-0.003118662245017223,-0.0009532357436687899,-0.0022728701754649583
2023-11-14,0.012559883252203141,0.05491523446017421,0.0156584940750919,0.021526377437056876,0.0194008826839418,0.022667606392379858
2023-11-15,-0.006201786103365636,0.0017370439275219418,-0.005203048366311025,0.0007525755690256375,0.002116992288647701,-0.01403454102985513
2023-11-16,0.005500278044991536,-0.01616606870959203,0.008232968265605711,0.0008558345396170175,0.0012231368848836244,0.012426642074330863
2023-11-17,0.001998545963150189,0.013702410494810469,0.0028822840104127945,0.00023324621419140712,0.001243754457128654,0.004686686723025968
2023-11-20,0.0015750918904029465,0.005833274646715347,0.004023361784013968,0.012174869859916893,0.007697712319235661,0.006108246297579445
2023-11-21,0.0010484385665192608,-0.012881288508536981,0.0002862879709923938,-0.005809481424720819,-0.0021793657351715234,-0.00044163684744391585
2023-11-22,0.0009420827317427882,0.0062706159987648835,0.004006092314872811,0.004093103919113217,0.003860673456383301,0.003534108653459267
2023-11-24,-0.004603051660709623,0.006736523205669309,-0.005130127040095522,-0.0014100749714147653,0.0006152963794523458,-0.011775133738944565
2023-11-27,0.005675531165485692,-0.003345766603780387,0.008116929979751442,-0.0008728256192759298,-0.0018008166177350127,0.016703629519842167
2023-11-28,0.004388828191184357,-0.003860548087209925,0.003978311902768317,0.0026208437090939896,0.000990066136665968,0.0019715042655328308
2023-11-29,0.004890466550474759,0.005279650613807307,0.008114011924548636,-0.0009737550874923118,-0.0007032956143462332,0.012571208837433012
2023-11-30,-0.003313520071963394,0.003799400318792223,-0.005240950094269281,-0.0025143073248161674,0.003937370901426984,-0.01155140342879113
2023-12-01,0.008793142585550529,0.02922185617551709,0.012040207001392744,0.002854893047378404,0.005915886918999691,0.018834112748183474
2023-12-04,-0.0038213304677435778,0.010707930094370433,-0.004572257801469859,-0.009283500419967838,-0.0052494458493973495,-0.003978630506976666
2023-12-05,0.006634876105893861,-0.013376825312786611,0.00796766305694585,0.002510872664793995,-0.00019708243955018911,0.021485426557953824
2023-12-06,0.00257457116512283,-0.0017897584351216356,0.003719922406715259,-0.0057836993133632,-0.004029707652330683,0.013317779248347206
2023-12-07,0.0003081350163827157,0.007225831763115087,9.28373849327091e-05,0.01397204211614067,0.007630373789184075,-0.005736976084613654
2023-12-08,-0.005031657437917447,0.007605541877274247,-0.0053734901431716775,0.004456628265265161,0.004299106182716672,-0.008182878089477597
2023-12-11,0.00010336806050137426,0.0020878654088420934,-0.0002795284162175893,0.008542308377639696,0.003889612475494797,-0.0021154265759083524
2023-12-12,0.002992723387563734,-0.001014977466682665,0.005683637688468579,0.007964293421731217,0.0045672933413267724,0.002967927881141197
2023-12-13,0.012552711656084625,0.03385022615505018,0.016768508741503263,0.012717177686205838,0.01379001071132313,0.023462112195584917
2023-12-14,0.008070934632640636,0.02782811131826124,0.010634878835102946,-0.0008668538103729917,0.0032093437928943924,0.02601311208478818
2023-12-15,-0.002325134828645603,-0.008404260185087553,-0.0014477063361973963,0.004833902751556707,-0.001646397379029274,0.0011106324457772487
2023-12-18,-0.00202664743166181,0.00035530848551634797,-0.004168105988255122,0.006298657133981367,0.005625039404175025,-0.007967721962402252
2023-12-19,0.0012187558277660937,0.0193801336239654,0.001273879903154862,0.005109691828007357,0.006080857849790622,0.005388429029563824
2023-12-20,0.0036505767203540707,-0.019560871355536746,0.002635324481538026,-0.014859842534874157,-0.013857327325956903,0.006774961731430995
2023-12-21,-0.00010090564671294544,0.01701644329889551,-0.00036256854858329746,0.011635563868706233,0.009482074901879578,-0.006327770796918708
2023-12-22,-0.0013138005321600144,0.00931767165697095,-0.0017229000007101813,0.001495850798409526,0.002009574534958647,-0.00454848857014134
2023-12-26,0.0020236938727684617,0.013003813398552166,0.0020891995348049086,0.006121834841218643,0.0042225968473603714,0.0028429432569454516
2023-12-27,0.006361683235625248,0.003527734308561792,0.00933576649808332,0.002035598970194563,0.0018080589004259018,0.017719976418339112
2023-12-28,-0.002207662982429359,-0.003808340882631711,-0.0026044568276059055,-0.00048599968937956817,0.00037768403001159356,-0.0072630822584413
2023-12-29,-0.0019106874539667196,-0.016320246002850203,-0.0036911971539301813,-0.0043277251617315216,-0.0028950076358605914,-0.009019810971115594
2024-01-02,-0.0047353470783524365,-0.005929067174103797,-0.0067775148327517964,-0.016922248749103086,-0.005596253193360767,-0.005764619475783883
2024-01-03,0.0005061589132662192,-0.02666388517373286,-0.002274637669962054,-0.010581507998646433,-0.008166731733305288,0.004170384511154479
2024-01-04,-0.004047470234179507,-0.001956663050219798,-0.005562727097074394,-0.005146470885298848,-0.0032210798522382955,-0.015194574751797307
2024-01-05,-0.0023366270177758164,-0.0029409493275891485,-0.0035763103460789702,0.0011860806864572027,0.0013696910791787253,-0.009565624551114205
2024-01-08,0.0037678482154732684,0.018007650310534196,0.007638468630934536,0.020667940168952015,0.014275825644870732,0.009865926640507228
2024-01-09,-0.0002027956689726329,-0.008946148867631343,0.0017351875232156644,0.0019755185155874155,-0.0015169475362807328,-0.006375966967794522
2024-01-10,-0.0019280250313189473,0.00056414664141613,-0.0012762100185568226,0.0067776884910757396,0.005655381630023992,-0.004657488808057386
2024-01-11,0.0056933026302277145,-0.007843031532843936,0.0060251496352494716,0.002080780352979872,-0.00044071600910722264,0.005615053698488914
2024-01-12,0.0018197746482586652,-0.0016533261431412871,0.0021779777067014727,0.000512866876154483,0.0006927842760486858,-0.00196459937181348
2024-01-16,-0.007467258352479522,-0.01236862348665524,-0.010141359427395802,-9.766034994307393e-05,-0.003671229332001258,-0.017612828730567687
2024-01-17,-0.002744912674264244,-0.007126375866286172,-0.0021038794732043398,-0.005640699418736239,-0.005558648106633313,-0.001582083097134257
2024-01-18,-0.0009176278377086566,0.005910937258136739,-0.0019249702215700104,0.014194116083292352,0.008892822417132296,-0.009295285144739096
2024-01-19,0.00020405837417136752,0.009601148643838764,0.0010101903452728322,0.019830965973530512,0.012466125122317262,0.0031983900270420307
2024-01-22,0.0018363170262161166,0.02135853701884982,0.0027525455637895657,0.0013059651807001416,0.002114334475511681,0.00595187485540416
2024-01-23,-0.002443796499336459,-0.0029001694279090495,-0.0036598858899540287,0.0041495255482613125,0.0029164418764162647,-0.00792401723262226
2024-01-24,-0.0022459744852039165,-0.008215599929430661,-0.0019285057468653166,0.005549131130931251,0.001093154105533456,-0.005857225806536137
2024-01-25,0.004501810257701688,0.00828365512589846,0.00662478482288642,0.0012212937710471827,0.005438860943763668,0.006534604000097088
2024-01-26,-0.0011206370426342094,5.097383041663406e-05,-0.0028335671905475035,-0.005957575798313242,-0.001270310156162635,-0.0019156494245410327
2024-01-29,0.003977005489933516,0.01750179034468302,0.004125033356905172,0.010240376180407962,0.007919358759483686,0.011516219561745755
2024-01-30,0.0019297046341393287,-0.008525036437498468,0.0031950536165537002,-0.006656570877099366,-0.0007734197969192502,0.009066134124811276
2024-01-31,0.004561598479175144,-0.024429730045804843,0.0025480672636339907,-0.019586062726959397,-0.0163173960866273,0.009820013283076579
2024-02-01,0.005698173272608242,0.013272471224639926,0.0077336569958785795,0.011775472971040646,0.013088211963223406,0.019616176926474882
2024-02-02,-0.009158081442468213,-0.005270115303078637,-0.009129501917871208,0.01690043730191948,0.010527413398256025,-0.0220887755282988
2024-02-05,-0.008226489411480298,-0.012705091224576637,-0.009578595028978176,-0.00130532999572619,-0.0036412993431633733,-0.02019359459519976
2024-02-06,0.0052225558610041745,0.009013191552937894,0.005618409860615792,-0.0020071954952169957,0.0029033905575268637,0.009773658215990633
2024-02-07,-0.002037196515517925,-0.0023236343305603757,-0.0029309091461807713,0.010290234215468264,0.008340385382410442,-0.004839357110067222
2024-02-08,-0.003062530586722456,0.015164166671833845,-0.005144149228324735,0.0018519341484117824,0.0004416887860563268,-0.0058146995022370085
2024-02-09,-0.0003071189421725018,0.016262942868019437,-0.0012927629398045148,0.009842989076612518,0.005779401399252482,-0.0020205086146879436
2024-02-12,0.00020472560649431593,0.01816008733552188,9.25139925513907e-05,-0.003912624791459041,-0.00043889466478275185,0.0011721272837854624
2024-02-13,-0.009216510075449103,-0.04114118621863827,-0.01100123538045783,-0.015597021681508005,-0.013773091219329126,-0.017134630645944227
2024-02-14,0.0044442823928956265,0.023225969040622907,0.004673803287266631,0.010897288538091132,0.009087714158905413,0.005088887934382225
2024-02-15,0.0023668779610022117,0.026665938415758816,0.0036285032147158613,0.002977713843001384,0.006899696337564265,0.005171414458073009
2024-02-16,-0.0031825417143268586,-0.013598089116322876,-0.003615384779421249,-0.009067676739380914,-0.0049799226121056694,-0.005787624688629034
2024-02-20,0.0009270054759789037,-0.013785623360291877,0.0033495874928961555,-0.007548106943681576,-0.005505462079545165,0.0008621363859555586
2024-02-21,-0.0029837587247574238,-0.004726516049992968,-0.0025039943619941107,-0.004001714247762744,0.0009059084778233473,-0.0071089210281295445
2024-02-22,0.0008255749392960254,0.007578074137985613,0.0015804477217311597,0.02927566212519217,0.02069537991582604,0.004881783921548699
2024-02-23,0.003711938860290198,0.0022563314551766744,0.002970158417599178,-0.0029447465575102028,0.0006897663966971557,0.013386550371827122
2024-02-26,-0.0021573177747035155,0.006303365162692476,-0.0031464098570985755,-0.0005265868136989926,-0.0036626294408215188,-0.0029827551896315363
2024-02-27,-0.0013385291192636872,0.014168747549333727,-0.0013926155378981564,0.0024051946104837185,0.0018577656922906804,-0.0070520386392677326
2024-02-28,0.0019589080962307825,-0.008235287387663992,-9.279230607439626e-05,-0.005324447142862843,-0.0013215449343729757,0.0063487595949334175
2024-02-29,0.0016460559806226183,0.006969035294233539,0.0009297658980382817,0.00856930532939515,0.0035949294803803156,0.007057492780191632
2024-03-01,0.004801136335172096,0.010602347545381807,0.006087503155352669,0.015056986905341185,0.009388266235159426,0.0062309746246118625
2024-03-04,-0.0024609759644348417,-0.000922897268656353,-0.0018532380203376553,-0.00356818582586782,-0.0010724635795563708,-0.004022451437667329
2024-03-05,0.005447562999421729,-0.009577058448430154,0.005477255911581436,-0.017949649152478542,-0.009994113984924669,0.014241588387741144
2024-03-06,0.0015336333049711381,0.007460846176106317,0.0026774206859088157,0.006283757378657162,0.0050671749251809395,0.005868236450816466
2024-03-07,0.0021436830135248552,0.008331445066521725,0.00248621337176691,0.015178170570107952,0.009926546394826596,-0.0009373676836630374
2024-03-08,0.0009164258730582908,-0.0006282981517944375,0.0013776871817048342,-0.014434900546561047,-0.006002250745610227,-0.0017728586587095752
2024-03-11,-0.0011193712585739757,-0.007929116933993563,0.00018357404934166155,-0.003712783462447078,-0.0008598045195337134,-0.0005223350394745196
2024-03-12,-0.00254681644229382,-0.001364575217858044,-0.0032098168042042907,0.014334973193433909,0.010757323607451408,-0.008361472617870791
2024-03-13,-0.0018383203501458611,0.003904092098120371,-0.001012007173668339,-0.007686019771810049,-0.001567440391380459,-0.004847967491970584
2024-03-14,-0.006344096257975829,-0.017889180074266986,-0.007367967310369705,-0.0025212591470975543,-0.001976834184021281,-0.01535692904939201
2024-03-15,-0.00010298416222087603,0.0018809063285234462,0.0002784151479713337,-0.01188697855179266,-0.006866655812192479,-0.00032254712252977047
2024-03-18,-0.0010299476905092364,-0.005731060127355914,-0.0016696463069429957,0.009537557394502683,0.005943217975647785,-0.003012639277106932
2024-03-19,0.002474339433250483,0.004223585292602028,0.002880509651562946,0.0024914547491587946,0.005557125296477894,0.0028058159439998676
2024-03-20,0.0020566795788727887,0.019792183383309014,0.001852590798561371,0.011856748434466047,0.009249466043140364,-0.00032298389739693345
2024-03-21,0.0007184477469825978,0.01148973439530021,0.001479559119085927,0.004732117805448022,0.0033043314990401917,0.00215321948970848
2024-03-22,0.0031789973570828245,-0.013802060572504993,0.0034163925926513627,0.0011438790427114043,-0.0018956527308482407,0.009560591166139831
2024-03-25,-0.001839763447149645,0.002291756729429162,-0.0034047605937790326,-0.0036291641092139892,-0.002762793867023383,-0.005000926531275152
2024-03-26,0.0010238363375825177,-0.0018000815356365996,-0.0002770027620916382,-0.0032378120876104255,-0.0018470450986147746,0.0027802241809140593
2024-03-27,0.003274086187420977,0.02178683681998872,0.0069270634485625315,0.0034061158894365118,0.00840383158354352,0.009917828772293635
2024-03-28,-0.001223589617711962,0.0031482602946815152,-0.0009171945140115101,-0.0018433546356270147,-0.00019095459831619532,-0.0008445849962445129
2024-04-01,-0.00727109336987497,-0.009415213374774911,-0.009575280348336879,0.002117136286576393,-0.0017399559734091463,-0.01864103851305976
2024-04-02,-0.0007220156422830248,-0.01838522429170497,-0.0014887043984689319,-0.008630271163187708,-0.006358098932705114,-0.005510655608302217
2024-04-03,0.000619270042111042,0.0065530807433569205,0.000652298222783676,0.0022444239101504504,0.0010985552054993963,-0.00021710599213420334
2024-04-04,0.002373177393426351,-0.010008312486766702,0.0011174640378202039,-0.015290706140840604,-0.012206093010755481,0.0071722352007796975
2024-04-05,-0.004940453418938451,0.003336977614708525,-0.004371943583987847,0.011783899493936545,0.01044686348128776,-0.013918867151780367
2024-04-08,-0.0009309812662899875,0.005478302760072884,-9.348365586459018e-05,0.00029511737937437665,0.0005594549657939041,-0.00010945843593768156
2024-04-09,0.00341644430791721,0.003940288212566312,0.005139110132213576,0.0036995431989261807,0.0011565751425690607,0.009301873082433465
2024-04-10,-0.011968407173457485,-0.026407690999167177,-0.014223165387914682,-0.00872851621487336,-0.010013128940440374,-0.021793188810189434
2024-04-11,0.00020884419295019718,0.006768518475606111,-0.0020747648990689926,0.015968243649747915,0.0075469441729152376,-0.004544733155340208
2024-04-12,0.0018792052754417199,-0.017796302822020826,0.0022681837107050296,-0.015941835410618665,-0.013803023948720017,0.005344627978405514
2024-04-15,-0.006044111963178556,-0.014645992495507687,-0.01103177627951668,-0.016451052069099692,-0.01252811628054562,-0.015505656465854778
2024-04-16,-0.0028306717298468564,-0.0036775329216092167,-0.0033367400422954496,9.280959120006038e-05,-0.0018237750689739096,-0.006637393655568036
2024-04-17,0.004625972101947484,-0.010560831060041576,0.005452368163517907,-0.012201401251942356,-0.005918314019113247,0.011098720811203666
2024-04-18,-0.0028257204322825746,-0.0008289294779481038,-0.001997853657219606,-0.005706284710805032,-0.0020577509093673285,-0.0050403099186229205
2024-04-19,0.0010496512964597304,0.0015557334047591187,0.001048656332309994,-0.0206891854971466,-0.008728363204150824,0.0036022412807319437
2024-04-22,0.0006291134667897325,0.011183479587262957,0.002475855112738179,0.010056676093509465,0.009209107865556954,-0.001682675019395008
2024-04-23,0.0020953595604493724,0.016743501355623414,0.0017099871148693602,0.014922805776403036,0.011866664269838179,0.00033710223739280565
2024-04-24,-0.002613870614502911,-0.0044820305699433405,-0.003887939314832778,0.0033877213941053697,-0.00047462501949424585,-0.007076122465614065
2024-04-25,-0.0028302904097187165,-0.006070492901035118,-0.002951498813935194,-0.004829817793395641,-0.003798803162979647,-0.007013573953511654
2024-04-26,0.0022076606026790735,0.009568437647566652,0.0038194432819214086,0.015431632413946739,0.00947389476166638,0.005240400005998902
2024-04-29,0.003041688122074282,0.008066243788471095,0.004185525810897595,0.004060342345137968,0.003541377027949988,0.008386313393613953
2024-04-30,-0.004078552529616863,-0.02030424032980427,-0.0054942559419531856,-0.018856159991591626,-0.015841232031092334,-0.00854141420561949
2024-05-01,0.003528958759462908,0.002092984508919926,0.0041598842045564854,-0.007230520524418083,-0.003247157344092755,0.007371006918361678
2024-05-02,0.00451334140981241,0.018389329715537306,0.006189805809210025,0.01276336365175501,0.009353379217460045,0.004290977015425135
2024-05-03,0.005120234606573959,0.00990390324367696,0.007003619038731257,0.020098551073583826,0.012395406296745293,0.010119154547095999
2024-05-06,0.0007278196521356417,0.012927214112215868,0.002819353653270351,0.010953230778015355,0.01032693238773752,0.0038957945051099063
2024-05-07,0.0020776854176074444,0.002249310821758499,0.0004686092687806731,0.00015902641998533085,0.0011032622142890247,0.006098231091883122
2024-05-08,-0.0020733775912209484,-0.0058057493228367285,-0.002529046100936627,-0.0005904358615981264,9.677091097670676e-05,-0.0060612680784309925
2024-05-09,0.0018698164560584374,0.010206940042909673,0.0015965325114051243,0.0021814556548542807,0.005761939788955228,0.00487865670296328
2024-05-10,-0.002073974831651393,-0.007529154684902006,-0.0031882037906747485,0.0023582042060399377,0.0012881607231627346,-0.005627230868808897
2024-05-13,0.0005196131359674894,0.0021045211044634637,0.00037635437148675344,0.0023074060808452312,0.00013397969834572088,0.0025521956493435027
2024-05-14,0.0027002002249036927,0.010354582381222777,0.0029149998923141407,0.006432250572311338,0.0045882943685642275,0.005644759121690601
2024-05-15,0.006628824775245068,0.012472221782474202,0.008906684845408241,0.01563024270601776,0.012383186674181035,0.013647222267774817
2024-05-16,-0.0011319250010380921,-0.007209713119488814,-0.0015796922630554322,-0.002031343918654338,-0.0020576295872466455,-0.0009773719404042591
2024-05-17,-0.003193178018243148,0.0007213403973538313,-0.002326983651316339,-0.00048682630983687414,0.001437372411738913,-0.006738283407296097
2024-05-20,-0.0009301476124449204,0.0022107198918173143,-0.0004662397487685821,0.006972840866569685,0.0011522161756216676,-0.002954452275312769
2024-05-21,0.0018619438653961762,-0.0009590235137144631,0.0016798676665463752,0.0019563429544493527,0.002452722377582095,0.005158128943181239
2024-05-22,-0.0012389058175431567,-0.008447672169025311,-0.0014908712798886725,-0.000197554643506348,-0.0028796036014407944,0.0012008441451598628
2024-05-23,-0.0027908917855586912,-0.016410074634687022,-0.004386063313570943,-0.004498328827486131,-0.0073041029978138106,-0.006433880588935348
2024-05-24,0.001140122509311503,0.011073355720753852,0.002718127567610029,0.009456533551347457,0.00661651750081238,0.0029635319278058514
2024-05-28,-0.0046593870000233295,-0.001362862319100655,-0.005982286982288754,0.0037776465735606113,0.0006986461060400906,-0.014335751558893661
2024-05-29,-0.003848849509825003,-0.014769033241804674,-0.00536027593975541,-0.007048388607402534,-0.007002469485786977,-0.012101676269573258
2024-05-30,0.004699201237574835,0.009498848933833681,0.006145407811434023,-0.010713469422979793,-0.006633663974710768,0.009665026736721982
2024-05-31,0.0032219690700345804,0.008429419697006724,0.004416638917024374,-0.0018601526928153644,0.009108076328077752,0.006789900841614571
2024-06-03,0.006049018077784352,-0.005637530112698519,0.006902358706089684,0.005369222833057741,0.0008153788682607743,0.016174437759633342
2024-06-04,0.0036156352061744723,-0.0129026209387465,0.003917070253320887,0.0027365589648860045,0.001117891565342699,0.011681228151385392
2024-06-05,0.003087903754078525,0.015299385212077299,0.0033444637552169088,0.02015973991889397,0.011885056451606202,0.007337814393939102
2024-06-06,0.0003080210815626927,-0.007168740368395876,-0.0006480676981257538,-0.00034510056780268084,-1.860335541747915e-05,-0.0014997701240050398
2024-06-07,-0.008822440820375421,-0.01173922426788887,-0.00898751836851519,-0.0008847666193931847,-0.0012156356204607865,-0.018345579188758787
2024-06-10,-0.000827946872106966,0.0034294337955280696,-0.002056534616996286,0.004039150860995155,0.0030897612847706757,-0.006666595518682428
2024-06-11,0.003418090066793944,-0.0034173285996724756,0.004309391377305571,0.006862713942581422,0.0024082794397972673,0.010342038907553919
2024-06-12,0.0047488648217768326,0.015350910518255656,0.0061567715353780805,0.013097689940241297,0.008213121822204128,0.007513999107635616
2024-06-13,0.005034325471422907,-0.008737440328383306,0.004728332259320567,0.0054203280637772355,0.002013386210606871,0.01469950832417366
2024-06-14,0.0010221965733594462,-0.01589580412789826,0.0008305023355685837,0.00518111201278848,0.0006084292143206937,0.008414927472194966
2024-06-17,-0.0035741986550502647,0.008403338438632169,-0.0047022497836876065,0.012249839334209423,0.00795883018516541,-0.009929356970177938
2024-06-18,0.0035870193748757107,0.0017464264213704617,0.00463174504946795,0.00030929037874716236,0.0025407514488304805,0.009175585281833154
2024-06-20,-0.0017360908940761144,-0.004234059232267495,-0.0033194844282822267,-0.00770798722020416,-0.00271656526772468,-0.006660320091925742
2024-06-21,0.00010235858496066008,0.002251187668731669,0.000277875634783431,-0.002679346653344572,-0.0013406163334711563,0.0
2024-06-24,0.000818292021989464,0.004342396730765197,0.0010172721480270486,-0.011384633506999475,-0.0032507725492543216,0.004044252988183006
2024-06-25,-0.00010218235241010731,-0.003280097732990539,-0.0003696975410590886,0.011435674613914815,0.0038509680282539094,0.0016959258429156687
2024-06-26,-0.004497632123176332,-0.0026425914373370274,-0.0054535035682836686,0.002065109532204623,0.0012480229873710336,-0.014285793585693152
2024-06-27,0.0016429666704347312,0.010148598200839132,0.0019517314566712685,0.002581375895483129,0.0015765716388178586,0.0039719903894570585
2024-06-28,-0.004920568321319374,0.0041076454812492,-0.006399857699215472,-0.005190991113297794,-0.003935054810178085,-0.01860561244786707
2024-07-01,-0.005363324203778053,-0.00837895198717098,-0.005939667876233901,0.0058650872179693,0.002057965067198797,-0.017258903334471998
2024-07-02,0.0033246893406586597,0.0034295961950883136,0.006408213504178528,0.01049969253564531,0.006729703736227055,0.007785591046471918
2024-07-03,0.005384572597684878,-0.0002477042697746068,0.007397889419447745,0.008337082153742958,0.0044626485974057495,0.013133361170051261
2024-07-05,0.005047034998860944,-0.004756394841965661,0.005205475098817303,0.01042682420148,0.005766409241896531,0.00827868977443802
2024-07-08,0.00030755925519954097,0.007019365762960916,-9.245623483467025e-05,0.0023782209849330105,0.0011539987862287937,0.0021607558551868244
2024-07-09,-0.0009222300498553659,-0.00435039294167916,-0.0018496685174785865,0.0008646035744732661,0.0009724420806065392,-0.004419821176028238
2024-07-10,0.0010256915414308398,0.009781548365658699,0.0024090623236459052,0.010426586564303397,0.009895470942652418,0.0031403549637731842
2024-07-11,0.005121644804387593,0.035944304934585114,0.00536080279905593,-0.02193020797615275,-0.00862269769401236,0.00971469767561417
2024-07-12,0.002751739091273464,0.011676519598620594,0.0036774964113850395,0.005874882124481395,0.006307466000616824,0.004276408157718903
2024-07-15,-0.003455375705085695,0.01900161103093634,-0.005495996046528506,0.002687742392015524,0.0027502632801121862,-0.011496810162059723
2024-07-16,0.004079363271524361,0.03411755006045403,0.005802787655179165,0.00038296051140829235,0.00592994311178785,0.014107439079032114
2024-07-17,0.0007110796701956801,-0.01046303568817386,0.0004578676481175048,-0.029354905945333964,-0.01402099688411318,0.0002122873815868509
2024-07-18,-0.00274072891363375,-0.01934760486428999,-0.0043022518461312,-0.0047324396094812204,-0.007684918133981311,-0.007644225492737466
2024-07-19,-0.0020353265220237615,-0.005092782057091405,-0.003677084554043475,-0.008863644198789933,-0.006640680711819669,-0.005884163392236075
2024-07-22,-0.0004081404381937048,0.01591014370070165,-0.0005535834316295896,0.014897718320576958,0.010310021922383727,-0.002905688411885654
2024-07-23,-0.00010201551289212851,0.010622501058610734,-0.0007387185748716218,-0.00352457862945188,-0.001568802000362246,-0.0014029835324395057
2024-07-24,-0.003061349436165872,-0.021470655505555603,-0.006097369293400323,-0.03587037440142793,-0.02266241022869986,-0.010808708006024292
2024-07-25,0.0027636504865824474,0.012485767950924487,0.003996837726154778,-0.011027670958837499,-0.005210317270859854,0.008194845847361965
2024-07-26,0.003572491107584952,0.01654795177249957,0.005555171931134195,0.01025590104688412,0.011199717886482663,0.007803378778789005
2024-07-29,0.001627427544137916,-0.011105180972833861,0.0021177368441369637,0.002008827985683581,0.0005877524410391466,0.005376866411186398
2024-07-30,0.001015448935404395,0.0037884120826849887,0.0008267544863653775,-0.013731384525858203,-0.005066557648260028,0.003850601580666302
2024-07-31,0.005376289949035495,0.005795936231558718,0.005783685028105001,0.029593701243420645,0.016254822568907867,0.010229083537272698
2024-08-01,0.004190007532724804,-0.032520249320689976,0.003315900617771872,-0.02422151557790675,-0.014160950678437256,0.008624751524833663
2024-08-02,0.011187433345176023,-0.035368098679029125,0.009769001764699192,-0.023734945283712228,-0.018618531505878888,0.03116144496661022
2024-08-05,-0.0007975112811733354,-0.0321653765989105,-0.002531508928673931,-0.029816131686420055,-0.029123699981732143,0.005291069607812338
2024-08-06,-0.005985153304324808,0.010880208100513267,-0.0065266459008936906,0.00955509960647749,0.009219607020950482,-0.02236846835668116
2024-08-07,-0.003010475397232204,-0.011839534778065541,-0.00456191818719609,-0.010829701063340802,-0.006683951431606494,-0.007039787758774785
2024-08-08,-0.0015097025338164372,0.024309437987347415,0.0004582677376419042,0.030590909630574314,0.023117254015599942,-0.006151716822729303
2024-08-09,0.0035283140423953974,-0.002078401590007495,0.005130571506447801,0.005222432534865318,0.0044096594921243515,0.009861562793198386
2024-08-12,0.0017074889250516812,-0.009008972539939264,0.0020964718300695573,0.002153594907228884,0.000525505930253134,0.00363591232862559
2024-08-13,0.004011229297203656,0.01647116794825587,0.007003605903002752,0.024812637586295594,0.016445506524413123,0.00693500280434356
2024-08-14,0.0017978854698730284,-0.00620289917628325,0.00442626548391023,0.0003242712515070245,0.003154808905761586,0.006270560608509612
2024-08-15,-0.004187590429164945,0.025933743025921663,-0.0030575586738927907,0.025263179142824166,0.017140183275503373,-0.008070158539663863
2024-08-16,0.0024029943063721415,0.0026411961490870883,0.0029765636199163836,0.0012857621834110322,0.0022420585124500736,0.0035016534301151037
2024-08-19,0.001098738785933584,0.012229389949358627,0.0023383012751729826,0.013136056401798157,0.00956145529530561,0.004617991826497692
2024-08-20,0.002993133969956485,-0.011663498006566964,0.0026020958203618605,-0.002098624900166546,-0.001625987271810625,0.00796801914945644
2024-08-21,0.0018899442296962388,0.013023649507856394,0.0022373468605207947,0.004664149145291896,0.0034363941009325494,0.0006083981535640604
2024-08-22,-0.004070765957699729,-0.008818345825666651,-0.004107508170537177,-0.015854877301554993,-0.007848464483725226,-0.009926119737950989
2024-08-23,0.004585769864190681,0.03193483496652494,0.005738354958808367,0.01084541389924043,0.010625310685670852,0.006547348705602474
2024-08-26,-0.0008931839012432663,0.0003176466143139933,-0.0012481456163200289,-0.009708329559336981,-0.00238384265073166,-0.0025409969124373655
2024-08-27,0.0002980469758497861,-0.007756878045794169,-0.0008032796125898578,0.002987345859940982,0.0013730594595742218,-0.0017321096827962457
2024-08-28,-0.0008937952667601445,-0.00676608742960072,-0.002054707262709732,-0.011347439115204416,-0.005805155849697541,-0.0012250807895317628
2024-08-29,-0.0012917254854123428,0.007134316247794814,-0.0017008460070897513,-0.001463750516680129,8.934833541829335e-05,-0.003270124420908682
2024-08-30,-0.0023883276353801053,0.005804145850800024,-0.0027797053270288696,0.011919358538696967,0.009546099955096699,-0.010663348435112407
2024-09-03,0.004222477374069777,-0.030579807886377375,0.003023401779970847,-0.03036090002243752,-0.02057901164414755,0.016355219594553994
2024-09-04,0.004384276534916909,-0.0016872841928043947,0.0062083536626735825,-0.002598495113650179,-0.002046849001897333,0.012889927522824474
2024-09-05,0.002579335481727174,-0.004976886797080193,0.004918157174588211,0.000933615508103447,-0.002432328714615628,0.005656050523542566
2024-09-06,0.001286507261106129,-0.019015746953306878,-0.0004449105502566386,-0.026787419649403676,-0.016829920078399563,-0.00010041134942018193
2024-09-09,0.0014821975898642314,0.002789899901285864,0.0022256141817893482,0.012859759499749046,0.011196226679067056,0.004318844069837402
2024-09-10,0.0030592400385498486,-0.0008155028842893319,0.002753388460356554,0.009241754896990972,0.004355733508675463,0.0070008700932964185
2024-09-11,-0.00029522323791952854,0.0029283991039310564,0.0004431133945541621,0.02171537683893665,0.010258901916406549,-0.0007945936833175793
2024-09-12,-0.0008856963908243642,0.01287573678691456,-0.0007084264257870565,0.009816037080810691,0.00842320823385001,-0.0046715828039044505
2024-09-13,0.002068300217674901,0.024667927108894094,0.0031011993342100475,0.00447992678159026,0.005222872909279808,0.0026962337244538226
2024-09-16,0.0023590715167449705,0.0035973592907381224,0.004416628448427051,-0.004417866701778461,0.0014768094388786235,0.009162474415694843
2024-09-17,-0.0009807110955083465,0.008271764982928032,8.792725677375657e-05,0.0005282347855590785,0.00040856788094956187,-0.004835644785369464
2024-09-18,-0.0031410282890895758,0.00018220395683798962,-0.00413285126120877,-0.004329484974346487,-0.0029657771829617596,-0.012395880060169673
2024-09-19,9.862554067785467e-05,0.020597003851610562,0.0008829852932621396,0.02528419068750165,0.017064457265068667,-0.003313390716005893
2024-09-20,-0.0008859757580552685,-0.010715670992476056,0.0008822063180577988,-0.0019032380091269507,-0.0017286161618014217,-0.0038285940281308495
2024-09-23,-0.00039426426634547873,-0.00365584421662446,-0.001410342393284969,0.0026506097759029235,0.002498809844647676,-0.0021238379287855658
2024-09-24,0.0013801947001559345,0.0016760792910928135,0.0016772352673461999,0.00482357911361464,0.002861290368756819,-0.0002024925045374104
2024-09-25,-0.003839372154060827,-0.012197190953355808,-0.00590440565359085,0.000927162817300653,-0.002205509686735607,-0.008312299552579172
2024-09-26,0.00019757917161733474,0.0053287385133042875,0.0,0.007513059799878707,0.003964625608232408,0.0023510272663285203
2024-09-27,0.0028651574327327456,0.006762594187260218,0.003989145425805418,-0.00555699869665971,-0.0014502474973920876,0.0052008951075122045
2024-09-30,-0.0022658876678428586,0.002541646536955877,-0.002472098337735318,0.0027118281242692888,0.0040072424185457756,-0.004768346694503878
2024-10-01,0.002644746966102396,-0.013581484261959265,0.00480588691920758,-0.013932409463949913,-0.008958425077819077,0.007220068670694246
2024-10-02,-0.002074644092917577,-0.00137686930360148,-0.0022104054694683795,0.0014129519168566418,0.00042197356733231217,-0.0084271051120971
2024-10-03,-0.0040585911347291725,-0.006709742819066,-0.006468100058416026,-0.0007469554546400969,-0.0018281428440489744,-0.0094203960747683
2024-10-04,-0.006460561084700056,0.013973019266783293,-0.005440123186450707,0.011898039701883967,0.009087498795071758,-0.012301128381612125
2024-10-07,-0.0034013743088404658,-0.007848499349553784,-0.005111209903328584,-0.01071159884259576,-0.009040592693541627,-0.007535194393508582
2024-10-08,0.0017065711908266223,0.0006898910844648221,0.0019829280134733285,0.014934588067336607,0.009457524860479127,0.0016871636950330782
2024-10-09,-0.002605570680068947,0.0022060585901768626,-0.001979003791416578,0.007868409196156279,0.00692658637582011,-0.005684964029947448
2024-10-10,-0.0006029482784176698,-0.005548878171121041,-0.0010815382817106478,-0.0011355834501715067,-0.001750107361326192,-0.003917242970782331
2024-10-11,0.00030173576208292197,0.020336548727468484,-0.000180415563177605,0.0015631089592522684,0.0059882473969898875,-0.004039169324193126
2024-10-14,-0.0009046153718608174,0.0073669543122931724,9.011609284836908e-05,0.008391544635519832,0.008178192198069034,0.0007469721527149087
2024-10-15,0.0040237098077826605,0.0008075202843711438,0.004872811732921756,-0.013366804462480064,-0.007769620276183109,0.012157484815568553
2024-10-16,0.0013024848136151679,0.016452336040182258,0.003142997993073715,0.0001222040433723759,0.004346502515658823,0.0042145223078344785
2024-10-17,-0.004902845469415551,-0.0027344870056255077,-0.007430014072510205,0.0006926341341126907,8.57220849690421e-05,-0.015843025746275052
2024-10-18,0.0007038460059909379,-0.0020784705512715274,-0.001172280321522945,0.006554671510375698,0.0038465549199675486,0.0007463456621630282
2024-10-21,-0.006933247172509205,-0.015732416783030945,-0.010203254175456311,0.001921280193241115,-0.0016421010227650745,-0.017470965527793814
2024-10-22,0.00020240629138457145,-0.003782086954456365,-9.12398867606301e-05,0.0010899386750795603,-0.0005312607636140942,0.0009756751471632352
2024-10-23,-0.0025291654420033227,-0.009129412926025648,-0.00337560172702156,-0.015323879748179614,-0.009137373986199737,-0.002707931368928218
2024-10-24,0.0019270234490316174,0.0021892143360928706,0.003020878927918469,0.008108852864900484,0.0021627737629623667,0.006408198701141954
2024-10-25,-0.002024561294203364,-0.003777494416946081,-0.002373028421018941,0.006093640781007048,-0.0003452330114855906,-0.0056118671883603755
2024-10-28,-0.0016228704049645604,0.016309609091117894,-0.0008232689680937044,0.00016148893416745302,0.003091313286971209,-0.002713307579260693
2024-10-29,0.001117678040390535,-0.0032365327227886764,0.0011901704394465806,0.00960830980653693,0.0016183766584478843,0.0015234578965843681
2024-10-30,-0.0010149292559937795,-0.001352963100487825,-0.0012802937389019275,-0.00755751164096774,-0.0030254119311092786,0.002933733223135171
2024-10-31,-0.00020304704317986033,-0.016618576629635062,-0.0020143753749293225,-0.025242754573661097,-0.019603058515099803,0.0016252664328755273
2024-11-01,-0.003975291893062449,0.0056026351375328964,-0.005478521770947653,0.007398941095160483,0.00422056536172688,-0.014098201682877898
2024-11-04,0.004195623133455895,0.005068846632769075,0.007406769144915115,-0.002913189471627553,-0.0021539366952487704,0.015521832299010718
2024-11-05,0.0023439028391438743,0.018810516312422587,0.004778977407813079,0.012756873572924654,0.012091877059248857,0.00531171581984724
2024-11-06,-0.007828528167251214,0.057931725215540686,-0.010427208107923192,0.027163240756012952,0.024865452240191654,-0.027388380334834372
2024-11-07,0.007582907593334909,-0.003541022747555078,0.011831011202410924,0.015744224921660388,0.007732288494832984,0.012527751696877143
2024-11-08,0.0017288211369692608,0.007360915461250395,0.003471146057558272,0.0011684647513132695,0.004331591064695717,0.012700914386206685
2024-11-11,-0.002233474504162891,0.015034394144969543,-0.0019117112517986756,-0.0005834013252089543,0.0009530081669744117,-0.004865209063983134
2024-11-12,-0.005799726723377252,-0.01754235827924877,-0.009029356172153724,-0.0018101014096267853,-0.0031065022975570455,-0.014993567974386779
2024-11-13,-0.00020464797715713523,-0.00989638657661418,-0.0037738476912202445,-0.001286668619989384,0.000485813601166285,-0.009485982691584516
2024-11-14,-0.00040954160720152455,-0.013483081494054416,-0.000276891112698463,-0.006949738264739658,-0.006430128741193086,0.005790568415528163
2024-11-15,0.00010234637982464712,-0.01491759736226439,0.00046198023826282686,-0.02382594850185571,-0.012808551500482546,-0.002657054961314187
2024-11-18,0.0009216708506454285,0.0019695099286280993,0.0018474347086181453,0.0069477381109794845,0.0040972804853161016,0.0017760597614893125
2024-11-19,0.001432192295232504,0.007425888000508918,0.0021205772272911982,0.006879673337627068,0.0036554787435623126,0.005097635916355481
2024-11-20,-0.001021439156562276,0.001300677204194134,-0.002391980809750449,-0.0005759707279378024,0.00033886931512183693,-0.0031974809508373836
2024-11-21,-0.0005114843435741756,0.015199451176385992,-0.001198931348078358,0.0035971505976846174,0.005368390834419978,-0.0007741845968352035
2024-11-22,0.0007161694858408563,0.018469631994273428,0.0009232659647369079,0.0016039872745523542,0.0030992133286464885,0.0005534927740542539
2024-11-25,0.008997084342593054,0.015202832775105701,0.012453803215978665,0.0015816427768218233,0.003392138773632647,0.025887955385299533
2024-11-26,-0.0015198189356460112,-0.007343233971669472,-0.0025512223237095233,0.005369263038955241,0.0052214872512752475,-0.0038823837639387904
2024-11-27,0.002739838142051809,0.0013715488360745987,0.003654029011669113,-0.007873437985990273,-0.0030300804990802677,0.0069286297841690825
2024-11-29,0.003947130678376487,0.0038180614927920686,0.006189161343320038,0.008786924696583709,0.006212072709806282,0.010321516660983132
2024-12-02,0.00012131111974222897,-0.0004960167837080309,0.0015701961656040542,0.010887893687410166,0.0017923640289088105,0.00240261354877358
2024-12-03,-0.0019211374128081937,-0.007114846077777792,-0.003534419097692365,0.0030661440157615516,0.0004640223533096677,-0.008628913400523186
2024-12-04,0.003241781621663664,0.0035829791877213246,0.0048204451011386595,0.012363024355275476,0.006209328006473225,0.010745692753276304
2024-12-05,0.00020208101259866496,-0.011665138882379078,-0.00027169925373027315,-0.0027711739739033625,-0.0016455349386431672,0.0020201354069442345
2024-12-06,0.0028268119340100206,0.0035701492606934337,0.0022635328480091754,0.008949552428298979,0.0018955962798452575,0.0014852680349297653
2024-12-09,-0.002919618600717544,-0.00502229941741017,-0.0025293655165338214,-0.007787360260638532,-0.0051495394127543115,-0.009217083523993752
2024-12-10,-0.0012116473812460171,-0.004332582125775919,-0.0015395573127179318,-0.0034077191670077722,-0.00310908810605226,-0.004704798054764647
2024-12-11,-0.0023251214790517283,0.004520407028868245,-0.0027210804207926653,0.017902753307716512,0.007730552253017553,-0.009454245629842428
2024-12-12,-0.004053068368983559,-0.012995754620255373,-0.00563896775814543,-0.006453977457282933,-0.00515260784541649,-0.012147623327651957
2024-12-13,-0.0037645198038038785,-0.006860368667834793,-0.0055794511261408886,0.007654310886492377,-0.00019862175109552904,-0.010210684516847146
2024-12-16,0.0009193108155174379,0.005878004164151518,0.0012877515284264174,0.014400713246037533,0.004270040192342561,0.0029948767456913217
2024-12-17,0.0,-0.011448219053346143,9.19626934126061e-05,-0.0044037397295293434,-0.004120040728009644,0.0024333561510603285
2024-12-18,-0.007615688092296624,-0.04427230863103737,-0.012398108303467659,-0.036076929023613036,-0.02980351705443751,-0.01250438850780955
2024-12-19,-0.00257865417930625,-0.004437599821448646,-0.005413558381159533,-0.004453436389002308,-0.0003070524920670836,-0.015141334948965413
2024-12-20,0.0026888279058332465,0.00936956305659975,0.003941474969878733,0.008732608181941881,0.012010978864421151,0.005693928905186718
2024-12-23,-0.0030940493777383837,-0.002298090516991369,-0.002897692189089529,0.009742655975845116,0.0059883732072167906,-0.009172102877700095
2024-12-24,0.0011379922714711554,0.008942577865968415,0.003093520852448073,0.013559856656358615,0.011114978639097606,0.004228538137818205
2024-12-26,0.0007232134970409643,0.010251121003377106,0.0009346647093191329,-0.000679292065762338,6.655659230236921e-05,-0.000569013110263028
2024-12-27,-0.0020652829641293335,-0.014578051578727269,-0.004201621534986821,-0.013293143486591052,-0.010526504398841952,-0.008198669201520903
2024-12-30,0.003932134263264331,-0.0076892687079687105,0.004313108037417912,-0.01330000389242103,-0.011411568647030523,0.008036970425903345
2024-12-31,-0.0012366926181548443,0.0012688846595831915,-0.002520825992713416,-0.008494698462622519,-0.0036381776914539143,-0.005353022661613971
2025-01-02,0.00010313127468064565,0.0008145982918212891,9.366553573664227e-05,-0.0019560273733579825,-0.002456894821957878,0.0027480426626178556
2025-01-03,-0.0010318549546589617,0.014877406912413349,-0.002339794123525585,0.016365234886725144,0.0125033449917904,-0.003197443557160673
2025-01-06,-0.0010330019325064388,0.00040107028823621604,-0.002532886359194242,0.011492912579860626,0.005760606765051746,-0.004467774339068198
2025-01-07,-0.0035157084586757703,-0.008017162460815741,-0.004608285011669322,-0.017844322077994912,-0.011304029753303357,-0.011277470616414487
2025-01-08,0.0011414984413027351,-0.00453478945965613,0.0016063147811755663,0.00017469508928424915,0.001460930847355657,0.0012802581026751803
2025-01-10,-0.005596997150322025,-0.022010828361166745,-0.0057541625401279495,-0.01568105035595191,-0.015267418748713957,-0.00662543234883084
2025-01-13,-0.0009382061419951349,0.0019371222542452493,-0.002846334549625351,-0.0032137983084420396,0.0015504657071625516,-0.0003509987324943342
2025-01-14,0.0003131110326968223,0.011369279337804183,0.0011418437916241864,-0.0009494764034512215,0.0013759758409437328,-0.0016389074884926025
2025-01-15,0.00865661283033825,0.019661464475929646,0.011975085401849217,0.023006262128776767,0.01819010366818219,0.017235345816253966
2025-01-16,0.0021714741571827734,0.002008567627897584,0.001971921118115283,-0.00700596069576187,-0.0019232952423864358,0.0032272950658094324
2025-01-17,0.0,0.004320920079077251,0.0008436571921608405,0.016878475252817715,0.01003993035862405,0.0017232266706339594
2025-01-21,0.0033015464878562994,0.01920510096976713,0.005806238894527915,0.005865069236633325,0.009153584499674627,0.008946159253024222
2025-01-22,-0.002365099523966463,-0.006527647635524714,-0.0031655980565656883,0.012785725451172514,0.005621392635984934,-0.005229255664265464
2025-01-23,-0.0016492821876875619,0.004555642928294912,-0.0014011373635057778,0.0021261068982803,0.005458085789615819,-0.007770467737505005
2025-01-24,0.0016520068130982946,-0.0027907588703461883,0.001964359389626802,-0.0056511868170950885,-0.0029193101699653834,0.0044916249371096395
2025-01-27,0.005566418492822578,-0.009576302866818431,0.006908120828900799,-0.029114513415297916,-0.01414538684460187,0.01180916800883658
2025-01-28,-0.00030749334214097424,0.0011038118887811699,-0.0013908182435139471,0.014779748998761555,0.008592491785637035,-0.0006798040678217543
2025-01-29,-0.0006153369719152924,-0.0022932914459883325,-0.0012996997970436963,-0.0018779747319350726,-0.00448300053043138,-0.002041157017880324
2025-01-30,0.0014365090797934243,0.01016654977734599,0.002231103103302212,0.004262359991149545,0.005367076962615069,0.0037495661281581327
2025-01-31,-0.0020492006169577914,-0.008970291624820659,-0.0032464549638558937,-0.001453019504546682,-0.005321838046466132,-0.0065653988758617166
2025-02-03,0.0009476959590677403,-0.011700882061374984,0.001578279698630114,-0.008003177482105883,-0.006729604808231482,0.00814185823605973
2025-02-04,0.0018524181886239166,0.013849797144334763,0.001958265179139884,0.012275383888064928,0.00670824959480032,0.0030627568517402892
2025-02-05,0.005341705375376149,0.010884444192343912,0.006980020252794761,0.004537897701228477,0.004054462891607269,0.01651025166835174
2025-02-06,-0.0010219560124464788,-0.0032694395192907066,-0.0018483736230768821,0.005219771242685134,0.0034757048647742206,-0.000445128809968387
2025-02-07,-0.0031707199085553306,-0.011589768665352218,-0.004351972818864014,-0.012613505352540688,-0.009153546965176895,-0.006455275442857844
2025-02-10,0.00030772397625344894,0.0045133421432626,0.00027913350874553267,0.012105180960276574,0.006791174435053504,-0.0030244101986641736
2025-02-11,-0.002256537303588102,-0.005814508816161856,-0.002231275181808323,-0.0023807120419624406,0.0007606031974243255,-0.0064044212919741605
2025-02-12,-0.005242975038953213,-0.009215773772108582,-0.00540455109216853,0.0005871414173037603,-0.003221460863486958,-0.013569988355463192
2025-02-13,0.005994176336692192,0.011269132567973239,0.0077759704823863185,0.014385801092555495,0.010557490048300977,0.016622589504398544
2025-02-14,0.00369820485989103,-0.0007516672963997495,0.0039044418719098584,0.004198517091765774,-4.917680849980677e-05,0.005299923866784573
2025-02-18,-0.00399178704142733,0.005487426456881828,-0.00407450426379341,0.002267112378030678,0.0029358079808696758,-0.011777944406819785
2025-02-19,0.0014387953131000941,-0.0034329390361765855,0.0005580169458165862,0.0002780625356735289,0.0023549011657404417,0.001248507558346823
2025-02-20,0.0015391794080534815,-0.009583589556343308,0.0024160671865880445,-0.00424449846432462,-0.004160214725944633,0.0037411192820639982
2025-02-21,0.004303400053497608,-0.02880589324197569,0.003522675340813297,-0.02075472881548257,-0.017104079244673942,0.012085003478289114
2025-02-24,0.001734339180823108,-0.007208413807916925,0.0025866586585434614,-0.011804212254784896,-0.004550475331733694,0.0029013704080551594
2025-02-25,0.006212395667240855,-0.0037922509349228584,0.007647719870768954,-0.012599332813936881,-0.004973145037417193,0.017247231110275374
2025-02-26,0.00161943724139757,0.0012534508808532685,0.0021030861682176383,0.0024156248480127207,0.0005046905343533137,0.00590682234931772
2025-02-27,-0.0015158517964272145,-0.015254104107044753,-0.004197416712703128,-0.0277712325438213,-0.01596186128684496,-0.007068409141236409
2025-02-28,0.004453101138935711,0.010640700443870665,0.004398421897441107,0.015791485017307094,0.015605548906216127,0.01226599815015783
2025-03-03,0.0021627141826301433,-0.02734678124201373,0.0031594149726812404,-0.021882465020872877,-0.017519950294720976,0.004666871828788111
2025-03-04,-0.002521290362807238,-0.011303701920576725,-0.003286416402989545,-0.003017805899127368,-0.01183684954808395,-0.012315128249603569
2025-03-05,-0.0034373569477987864,0.009931188708156569,-0.0032056980748734754,0.013036052286385713,0.010747794523703114,-0.007984254628940257
2025-03-06,-0.0010144418376120123,-0.015301946544694522,-0.0031241587114663183,-0.02750942842436921,-0.01775113000423656,-0.0033075502083877995
2025-03-07,-0.001218661503448737,0.003263802781986236,-0.0015670470413051696,0.0073535861744673525,0.005604844236718254,-0.003207937721166565
2025-03-10,0.004778835393226766,-0.025151661849166063,0.0034159295005031787,-0.03875636690118922,-0.026635492537345318,0.010431744711735691
2025-03-11,-0.0035417614468752356,-9.973210974856261e-05,-0.006532411345151035,-0.002390405459784861,-0.008312900806654588,-0.007139010670640822
2025-03-12,-0.0029450986333343643,0.0017435708315307608,-0.0029634627417907122,0.011280773429624746,0.005306522471787645,-0.005973434122314769
2025-03-13,0.003055652957972166,-0.014917984884407653,0.003158037890779175,-0.017990491422927968,-0.013330410191043529,0.008791445644862339
2025-03-14,-0.002030896257823933,0.024179750627204788,-0.00046306410913687923,0.0241704400718461,0.02065567290718273,-0.005295171664294052
2025-03-17,0.0013226895428730678,0.01261761601476552,0.0020380921860627677,0.006483702993728135,0.007711315917698913,0.004990834277804224
2025-03-18,0.0010161705173792335,-0.008683322695290596,0.0024036565707055146,-0.017047359557762598,-0.010808371431663799,0.0009931407974050899
2025-03-19,0.0029439029929720917,0.015550372551098368,0.005902399908563671,0.01338134253804557,0.010890801160239771,0.0051812849932000304
2025-03-20,0.0006072955586435835,-0.006347876479397829,-0.0014669235458754093,-0.003389498186736284,-0.0028917140169094635,0.0006579416771579361
2025-03-21,-0.0012140118796913901,-0.00619327606838993,-0.0013772251965676885,0.0032967133408103866,0.0003299032828099069,-0.005918525504796768
2025-03-24,-0.0038483848935160214,0.024878620582268862,-0.0043215498746889125,0.021944329364789406,0.01790849345962031,-0.010253664587824174
2025-03-25,0.000915018372988019,-0.0055540547817775066,0.0010158103112776207,0.005706577403821189,0.002403851551660896,-0.00011127759145757032
2025-03-26,-0.0024377390519404463,-0.010158838371861267,-0.004059117951241031,-0.018400648862213154,-0.011938272063231614,-0.006572998766826821
2025-03-27,-0.0005091199236153532,-0.004766692473251788,-0.0012040935698399702,-0.005698029805506488,-0.0026557223426582066,-0.0029157572575674306
2025-03-28,0.005806844021311042,-0.020331435927629316,0.006028089042376283,-0.02632777598752578,-0.020138252254996436,0.01383414888250556
2025-03-31,0.0019243079702422339,-0.004789177223440744,0.001935844662168451,-4.2592840815314226e-05,0.006712768433682514,0.009873560925346858
2025-04-01,0.0037021718297964856,0.00010014729806129274,0.0035741805349651656,0.008061022159526754,0.002824389123523119,0.008665463569620613
2025-04-02,-0.0011116184253781025,0.015788770966529198,0.002300831098658529,0.00729843170847011,0.006328387411288716,-0.0006557515145976245
2025-04-03,0.0052605209829306165,-0.06419624090664044,-9.193088975345542e-05,-0.05353353804503436,-0.04928070817761465,0.004593784556512492
2025-04-04,0.0009056395047375432,-0.044608421715574,-0.0011019105683163222,-0.06210886967050777,-0.05854301689268204,0.010887259781157566
2025-04-07,-0.012668419667530628,-0.009051313443986686,-0.019488752661864783,0.002413215217229814,-0.0017811920142971616,-0.03015616228483975
2025-04-08,-0.005193366208383066,-0.026343624766063334,-0.012657109078094697,-0.01800850876067661,-0.015662758816759825,-0.018878407862695568
2025-04-09,0.0022519802994336313,0.08500174886630885,0.0167125632965186,0.1200308181135814,0.10501934425982218,0.005885574057138188
2025-04-10,-0.007864379916280528,-0.042018106499455365,-0.016998253178799883,-0.04253219014832599,-0.04381896224348292,-0.027568369032055506
2025-04-11,-0.0010294377381205866,0.014583621851492756,-0.00018995888598682953,0.018423109602077492,0.017842787256365567,0.005438512387100802
2025-04-14,0.0058738899709445125,0.011770462497943113,0.006176839048669391,0.006778203393759785,0.009701347627829371,0.007135577590181796
2025-04-15,0.0020488820547648334,0.0012329469282486016,0.005383458068070945,0.0011146955681624604,-0.0028008927240665837,0.0035424217935065005
2025-04-16,0.0031695402118261384,-0.00958440597905108,0.004227433363822586,-0.03015349668895584,-0.022227898329724827,0.005579561085779172
2025-04-17,-0.002547968999644379,0.008163456612945597,-0.0014032854677427098,-0.00018007500072136917,0.0014266717908673066,-0.008832537502200588
2025-04-21,-0.006028395717864954,-0.020055736114807043,-0.010772738809697313,-0.024746761372183124,-0.023802682617838022,-0.01747964976356131
2025-04-22,0.0018503531859843658,0.025883756694903726,0.0024620196009748074,0.026252115935728293,0.026017800640849797,0.005581537523787317
2025-04-23,0.0024623946518540496,0.014829055467235008,0.004439858886971626,0.022678125698480933,0.015495409403611937,0.009713000985452691
2025-04-24,0.005527276607927956,0.020026252805239286,0.010251128690536904,0.028137113012751902,0.021048964021112893,0.010536132177042745
2025-04-25,0.0036644638328737766,0.00030916486425924816,0.005306206571193517,0.01114794251438811,0.00722522891344668,0.007366226902525641
2025-04-28,0.002738293695808691,0.004224210734996792,0.002315106210745599,-0.00031741996084810875,0.00038137286203787646,0.006299920589531327
2025-04-29,0.0024274356497393512,0.005899251310026443,0.0023096867770286966,0.006604483361886793,0.006299335442844001,0.008384485862577007
2025-04-30,-0.0009080938664606242,-0.00627258051516244,-0.004700871761285752,-0.00012620070775315462,0.00039700236086281926,-0.008093032032687963
2025-05-01,-0.0027254219143126868,0.006209568528064757,-0.0035147165974728223,0.013060719980350965,0.007086862410970118,-0.0050705448919821094
2025-05-02,-0.0048764444700785115,0.02249191909792847,-0.002426109791839215,0.014843920014615541,0.014844172407353584,-0.01082415780193502
2025-05-05,-0.0017356940440380608,-0.007681528756021239,-0.0014030659816151037,-0.005932552575683703,-0.005734321055260616,-0.005585538496974629
2025-05-06,0.002454549470878975,-0.010907746591092948,0.001967154203485366,-0.009301695244706365,-0.008358384485032677,0.003324231208057915
2025-05-07,0.0015302382273922888,0.0033032879178034324,0.0020566611042478478,0.003925941207711947,0.0042054650283336326,0.004227251154640399
2025-05-08,-0.005195097605091514,0.019045702582172863,-0.005037886206581299,0.01032486490622464,0.006967831538101654,-0.011149118554368842
2025-05-09,0.001024051836797213,-0.0018392206598007999,-0.0003750339068256947,-0.0006553564742698414,-0.0012740716213365255,0.0014956616691161884
2025-05-12,-0.0033756362836394604,0.03515767019687055,-0.00018766021107763375,0.04074017218557402,0.03304738200401469,-0.009305109118365906
2025-05-13,-0.0010263896120519256,0.003656092155756019,0.000844410693943809,0.015240694145842726,0.006603824443858652,-0.004058512002098058
2025-05-14,-0.0028769074233279124,-0.008867351004195445,-0.005061825305498147,0.005993228193183819,0.001278041226610016,-0.006636322316109888
2025-05-15,0.005667167166807152,0.006528745819772697,0.007160394941025494,0.0010988724556655338,0.004884373015077159,0.008790458426506165
2025-05-16,0.0006148088597635049,0.008264054580669589,0.001870784010460591,0.004352493541476488,0.006334083036816818,0.0026723104785200125
2025-05-19,-0.00030717584371708906,-0.004193472718955538,9.34008218982374e-05,0.0009588323781763997,0.0010938196195577898,-0.0028968184709056155
2025-05-20,-0.001741224448033707,0.0005263364267835691,-0.0024274689166494667,-0.0033332450499383715,-0.0033621834492569835,-0.0072051908733405945
2025-05-21,-0.00656682382448559,-0.0280753456999403,-0.011137066376706084,-0.013896755469898214,-0.016850751844510237,-0.017089936413558826
2025-05-22,0.0028919815300243457,-4.923250154564851e-05,0.005110763867790968,0.0018712822298658782,0.00039462434647918876,0.005239948412243622
2025-05-23,0.0014417811088576205,-0.003149600472171943,0.000753246049886025,-0.009260800965081861,-0.006825771490515775,0.0016585445891421635
2025-05-27,0.004524970605317424,0.025375119603379348,0.009032734227489625,0.023525241165165633,0.020790615576653737,0.013956303763119626
2025-05-28,-0.0018427569148840028,-0.010544036309966254,-0.002424453883627109,-0.0044319324955685024,-0.005785472819492488,-0.004316006602380407
2025-05-29,0.003692238329104036,0.002968228220716851,0.004486887893481839,0.0019657056628685776,0.003947489357079892,0.009254974001086547
2025-05-30,0.0024523844017447782,-0.005093974664795775,0.0028847127510913673,-0.0015771037109235664,-0.0011185744002305542,0.00150893951485509
2025-06-02,-0.0026283774959150463,0.0031208046510076137,-0.0028312671653279997,0.007898210169555497,0.005632983987994278,-0.009306540872752955
2025-06-03,-0.0007177608840848171,0.016139236965555526,0.00046715432785693345,0.007817025230037355,0.005702616355661272,-0.0017614084429947718
2025-06-04,0.005951818603748382,-0.0028225204983257646,0.007281500933474794,0.0027878327054424723,-0.00026846867813934416,0.016233332984170623
2025-06-05,-0.0025503093103638186,0.00043168033040918985,-0.003058395883057785,-0.007526931107292967,-0.004832806844400794,0.0006944603165852659
2025-06-06,-0.0051135019234727075,0.01616071829339094,-0.006042617743470258,0.009775290027975503,0.010269010608102258,-0.012724131145432471
2025-06-09,0.001233653103104304,0.006890127414133307,0.0029928520506816714,0.0014719893166199594,0.0009013027856885625,0.0010545651266089529
2025-06-10,0.0022586328679932155,0.005389951242610103,0.002424571708462997,0.006613927691166754,0.005669706144252773,0.005149636443207317
2025-06-11,0.0033805123767485235,-0.004102374083582605,0.0031627033823795614,-0.0033695751128964835,-0.002852053249320252,0.003027590210764597
2025-06-12,0.0036753280063135385,-0.003978923113610033,0.005563885877470032,0.002347890931193808,0.003974284235328973,0.011957307504158798
2025-06-13,-0.0035602797051476065,-0.01828179549611575,-0.0059941384742608905,-0.01255473107092464,-0.011180107804297013,-0.009636336277063728
2025-06-16,-0.0020415004345616383,0.01178995685957962,-0.001762667696799336,0.013909846271936033,0.009514208796833623,-0.010077659968736552
2025-06-17,0.003068554562698722,-0.010532778789066555,0.0034386472893133124,-0.009751241775974973,-0.008545135131611592,0.012169424012973273
2025-06-18,0.0007139660011235005,0.0052744632260550706,0.0007409725395477462,-0.0001701990681600707,-0.00015060476132944256,0.0017342116735461488
2025-06-20,0.0009172450979890723,-0.002098715691684294,0.0008329500176953442,-0.004083160098547256,-0.002348596298099359,-0.0018465756896308694
2025-06-23,0.0020361746831993877,0.012236536467289394,0.002496698757701754,0.010282496949575393,0.009877480029380825,0.003237306664706674
2025-06-24,0.004064152743340488,0.012749629605650625,0.004704376395828325,0.015291936019993457,0.011047279574515567,0.007260703453766837
2025-06-25,-0.00010114366656033269,-0.011656600610028045,-0.001193516207384171,0.002556513460383547,0.0005603188542100401,0.0012584938367026233
2025-06-26,0.002732563411093958,0.01622869841660357,0.0036768662797750373,0.009350280450826087,0.007823840449262098,0.005028002017783972
2025-06-27,-0.002825995097926026,0.00032492303145947865,-0.0016485780526708238,0.003423685563276546,0.004968310006379761,-0.006367220677051977
2025-06-30,0.00404859946749947,0.001438670211111548,0.005504097704127853,0.006476943163778559,0.004781209119572027,0.009840944673981333
2025-07-01,-0.0009203647234511392,0.010287751117517674,0.001208610973441493,-0.00842936841270392,-0.0003236298209773336,0.0024794080937433627
2025-07-02,-0.0012147121025462004,0.013852582256967505,-0.00018283339114943953,0.006965307629207107,0.004533275199175568,-0.006353425322482953
2025-07-03,-0.00202693031025325,0.00927477335585647,-0.0023783273945726657,0.009840293672287004,0.007881351217300603,-0.006965188941562395
2025-07-07,-0.003554332427072371,-0.015017060491950507,-0.005960064047731417,-0.007532939099742952,-0.007451911689688506,-0.009543388226140093
2025-07-08,-0.00040764266786619263,0.006917653226499398,-0.0028595449509520865,0.000561546081480957,-0.0005477706277796646,-0.0012770820198314548
2025-07-09,0.004180218070530373,0.01084742138159478,0.005735490795649945,0.007078944049491831,0.005996615280215112,0.010461431407608801
2025-07-10,-0.00030464213116176975,0.00514194731695139,0.0001839469914730607,-0.0014381997588279738,0.0028203284907413195,0.0006901549489708447
2025-07-11,-0.004164085145172081,-0.013790038433519891,-0.0060694890903734144,-0.0022503961790789617,-0.003515471310904239,-0.013794554773075896
2025-07-14,-0.00010200307156549293,0.006720832454746972,-0.00027755435492993197,0.003626881705373064,0.0019082079637526839,-0.0020981574018206217
2025-07-15,-0.0029579978762648285,-0.019579711726792626,-0.003609493994614077,0.0009167918809922515,-0.004273266498076467,-0.007008412888919624
2025-07-16,0.001432189316052046,0.010053897804101819,0.001579015526496308,0.0010238468058241246,0.00334324975208955,0.0014114847342037162
2025-07-17,0.0004086792065798317,0.013120995815712355,0.002411191339459773,0.008092814240598711,0.006119653171936301,-0.00023488566903806518
2025-07-18,0.001838069109227014,-0.007100783868917215,0.0018504054645742674,-0.0009611836056468981,-0.0007323592062571382,0.0015273874685883815
2025-07-21,0.0027519274094325308,-0.0040480663834433495,0.00387843923368858,0.005184737435977471,0.0018961671248525214,0.008916037636381713
2025-07-22,0.0019313226399824135,0.008309681913453382,0.002391743767796717,-0.005175757620394905,0.00014308956258002326,0.006046412913175203
2025-07-23,-0.0022319165473332347,0.015272942551064261,-0.001560103824718384,0.004561304719325365,0.008507549960310445,-0.005547760178762351
2025-07-24,-0.0006099949067853716,-0.013807979259172654,-0.0014706356857854264,0.0021283728092407195,0.000331011779483692,-0.0017434588016964625
2025-07-25,0.0016277504643800178,0.0037128141887123878,0.0032216559366908815,0.0024069895272811337,0.0042243578976959295,0.006287144079689
2025-07-28,-0.0013204958057900784,-0.001158737330253068,-0.0020185459305210873,0.0031251547553632353,-0.000251119494356411,-0.006479215607098743
2025-07-29,0.005390611879314555,-0.006380482718464808,0.006619473415704569,-0.0015488898403861473,-0.002637609180098366,0.01688596254810859
2025-07-30,-0.002832581854826266,-0.005074372293200291,-0.0037446054891565606,0.0013398359578880026,-0.0012593305691198653,-0.005153441029755235
2025-07-31,0.0005073248246074691,-0.009794195572842113,0.00027500985841033554,-0.005299137318216296,-0.0037512107798256533,0.0005755411272134747
2025-08-01,0.008647885164898117,-0.02037465278443773,0.008871225903388513,-0.01969879104365424,-0.016390431365516545,0.014216590687933905
2025-08-04,0.0008069083813124767,0.022380381908128077,0.0017330884047512818,0.018451584916675978,0.015199795788522152,0.0027329125365602724
2025-08-05,0.0003023176525722704,0.005097254819703245,0.000728462632476834,-0.006789462007957048,-0.005069964619629497,0.003066081638776197
2025-08-06,-0.00040304575385607944,-0.0013131995924806628,-0.0002729658954144787,0.012583168963123503,0.0076596842911853535,-0.005773842647453398
2025-08-07,-0.0008063391243917639,-0.0032643863648110782,-0.0010011715420538136,0.003384348993473729,-0.0008376210633260772,-0.0017080922126518905
2025-08-08,-0.001916649268522641,0.0021834545942163164,-0.0031887573829451066,0.009328194585679572,0.007797567971946862,-0.0043343837795903895
2025-08-11,0.000707559398198887,-0.00022697514913827543,0.001553827800426344,-0.002958885414527379,-0.001977485842922677,0.0011455834816229693
2025-08-12,0.0,0.02969082412073698,0.0009125199589636868,0.012568714154875815,0.010646088630271056,-0.005034905063714179
2025-08-13,0.0036359715935356807,0.019443567567706044,0.005288112822601665,0.0005000772185803637,0.0034230982805847354,0.008280595593381124
2025-08-14,-0.002817835751907416,-0.012888100115066692,-0.0034465112314772117,-0.0007753798166022507,9.300854748550691e-05,-0.007414105199489818
2025-08-15,-0.0015137264578800602,-0.004863288031634494,-0.0012740961270876205,-0.004397404107960079,-0.0023412249756729064,-0.0071247963596384745
2025-08-18,-0.0011117903488152558,0.0036542930077227975,-0.0018223792882035017,-0.00039848919147023043,-0.00021763582620526467,-0.0028934600952893463
2025-08-19,0.0019224672478903582,-0.007676811369768166,0.0015519135894961344,-0.013567480738099214,-0.005425144902516887,0.005803802208105058
2025-08-20,0.0006059341215518543,-0.003536570162133268,0.00045575438767775367,-0.005937345834455043,-0.0026570585531485724,0.002192614078104338
2025-08-21,-0.0023212762965981737,0.002484405682125157,-0.003826606871748406,-0.004629752606908344,-0.004011840141401879,-0.0049514825332164225
2025-08-22,0.005564012754811776,0.03920870210180172,0.007865404245824159,0.015427375767702145,0.015356803532182273,0.007406506836553195
2025-08-25,-0.001509159914629743,-0.010518243205246525,-0.0026315103191547617,-0.0028847350593810273,-0.004401088516101992,-0.0028719429160404264
2025-08-26,0.0012091372615683493,0.008263025973282767,0.00072779618630614,0.004015298764006747,0.004187051216404392,-0.0005760252381571407
2025-08-27,0.001006281589753355,0.007085535493450035,0.00036370330445345544,0.0015367985948659957,0.002278514804511911,-0.0011527144689407187
2025-08-28,0.0012063857690640667,0.0011867957798088469,0.0015450024655929706,0.006259975834240761,0.0035413784731703757,0.006578196997532482
2025-08-29,-0.0013053303172759767,-0.004445062866944127,-0.003629683832461983,-0.01157547635619105,-0.005963682184690233,-0.007108458533463202
2025-09-02,-0.002652987463862111,-0.005400329036494678,-0.0033450578551262877,-0.008380208156460234,-0.00741027850099818,-0.0074416388164655345
2025-09-03,0.003641148845052067,-0.0009833493975636154,0.00596046355743729,0.00786754054254657,0.0054195601815894,0.01097743421116748
2025-09-04,0.004030974744891891,0.012496265671247286,0.006836831497923246,0.009051461152346008,0.008357390788786612,0.007623937401785685
2025-09-05,0.004717444989262853,0.004987547623725996,0.006518848602273364,0.001442903951759389,-0.0028962514584031096,0.015247041996968358
2025-09-08,0.0033966794955593294,0.002018738069893944,0.0035080790307229215,0.004877992896753058,0.002456628855379561,0.013324259613509248
2025-09-09,-0.001991283011917311,-0.005876123682608925,-0.0017926941843416921,0.00283314318335548,0.002311848648811843,-0.005683012558012512
2025-09-10,0.0019952561315563777,-0.001773321588717347,0.002963347008856143,0.00032726098763768974,0.00289086266421279,0.005715493780944936
2025-09-11,0.0018916045511601087,0.018483319687913502,0.004655730372544076,0.005820582853809153,0.00831022877152554,0.006685947310947293
2025-09-12,-0.0008943475001740309,-0.010215974611273104,-0.0017823095642014453,0.004417122125826234,-0.0003345797943027362,-0.004316960127864755
2025-09-15,0.0016908690861550113,0.004237634721331318,0.003124713304751392,0.008556973981187044,0.005323880160421179,0.0023346608188079543
2025-09-16,0.00039718891181705906,-0.001646626825236197,-0.0008900331956485097,-0.0008451015505749337,-0.0013768692449287467,0.00210733955704856
2025-09-17,-0.00178656449709802,0.0025600160041823194,-0.0017815839105627118,-0.0019959322672994384,-0.0012423560605266948,-0.002545656711557598
2025-09-18,-0.0027841165394149048,0.024906848187216335,-0.0020524200770087875,0.009016953990459431,0.004672452908252023,-0.010319562900579227
2025-09-19,0.0,-0.007596800515323743,-0.0008048946909474664,0.006769359058197866,0.004952835223685836,-0.0019060476863002052
2025-09-22,-0.0011965567739400385,0.005802961918274452,-0.0022372922240252446,0.005920040406268923,0.004731075170536503,-0.0035947365035265966
2025-09-23,0.0015973203163648364,-0.0022505137408708187,0.0019732840512549643,-0.006642311389766009,-0.005443591771073009,0.006989874982715749
2025-09-24,-0.00189383102700047,-0.009186311794686208,-0.004028248394324807,-0.0035105927419589733,-0.0031815658943793457,-0.003806461461688393
2025-09-25,-0.001397997614919766,-0.009561311088680413,-0.001797665457486608,-0.004311267227508853,-0.004613504621998388,0.0
2025-09-26,0.0006999773741593884,0.008567023733861312,0.00135067715878745,0.004110897993047535,0.0057290777314567,-0.0008991310866012237
2025-09-29,0.0018986751648499833,0.0011601839046391227,0.0033270386753097014,0.004631122206323113,0.0028104096748033935,0.008211416547291739
2025-09-30,-9.970473351661457e-05,0.001407216304738279,-0.0009858804840545687,0.0027391557161602353,0.003766875644270362,-0.0029007710789364927
2025-10-01,0.002551886371080503,0.0021904395957619283,0.0040157638256335115,0.004797049996228209,0.0034075168215907947,0.002582566396122754
2025-10-02,0.0010980296468003914,0.006309533360705943,0.0016142077098686425,0.004111032687525995,0.0011518565068935338,0.0029118841254849315
2025-10-03,-0.0010968253001035766,0.0074174146664336416,-0.001253463932207155,-0.004209776427106071,-1.4866158967619114e-05,-0.00189844547790341
2025-10-06,-0.002196059293600894,0.003986477322700965,-0.003227257736465705,0.0075102446232993,0.003586263355458641,-0.007943601547218737
2025-10-07,0.0017006619698110015,-0.01073697954984687,0.0018886507767037486,-0.005265689377054961,-0.003707494362329311,0.005751687681990747
2025-10-08,9.989150609035491e-05,0.010484917759652879,-0.0012567269993790653,0.01146381790843809,0.005963041402874625,0.0007849259316514701
2025-10-09,-0.001198349783437691,-0.006444537654117011,-0.0019773612841904598,-0.0012102417758411699,-0.0028970186885769467,-0.0007843103061536683
2025-10-10,0.004099216915318671,-0.029943342106114934,0.0027917647337698526,-0.03471428161662504,-0.027027764376787222,0.016147145508841998
2025-10-13,0.0018918892843662327,0.02783973490428049,0.003412706672832222,0.021221390611747326,0.015344029580113494,-0.0005517882392659379
2025-10-14,0.001590101653224929,0.014279244638446986,0.0033115108392640646,-0.006661035033597162,-0.0012216421112398734,0.0032019533676106438
2025-10-15,-0.000396913236870966,0.009802371901570073,0.0,0.007056807195861214,0.00443954899070742,-0.002201155039607161
2025-10-16,0.003573561822369564,-0.021052227994699635,0.002854591428902653,-0.0037029334416565085,-0.006810241559458086,0.007500470420402694
2025-10-17,-0.0013847615406668012,-0.006733020129447542,-0.001956958052716784,0.006566780288896457,0.0056763137515907225,-0.0015327282161315958
2025-10-20,0.0016838170610824488,0.01951439927914267,0.003030338471773808,0.012600774003366899,0.010400477117627371,0.003837786351180039
2025-10-21,0.0009888866432481436,-0.0047146927453239895,0.00017768476011847945,-0.00026159065683206695,-1.4911017141350236e-05,0.0049153133068469135
2025-10-22,-9.880604463874398e-05,-0.014777962970548009,0.0009772620179233638,-0.009633966765999258,-0.005198930936866852,0.000652147376019041
2025-10-23,-0.0017783076763978611,0.012574988101605733,-0.001242561390996988,0.008406459128248223,0.005780151874994033,-0.0068433333709029265
