Date,AAPL,AGG,GLD,JNJ,JPM,MSFT,VNQ,XOM
2023-10-25,-0.013491633891713484,-0.007444005597399661,0.004208823642007475,0.0022483971681199755,-0.005454517920744362,0.030678137197447608,-0.021484853948483873,0.001845141992969257
2023-10-26,-0.02460555653264196,0.00673922260271187,0.0015784524505007003,-0.016955843445166097,0.0025643260397327783,-0.03751423639069251,0.019141608021249645,-0.009116789624145527
2023-10-27,0.007969375911024645,-0.00032399731532395393,0.011629799758343662,-0.022818836596516956,-0.036018760207776834,0.005855573111147816,-0.016019979832402664,-0.01905198040262568
2023-10-30,0.012305072667535555,-0.00237609903017999,-0.00564054701797434,0.009821384226207597,0.01274946829205259,0.022740234407286897,0.006315809755687685,0.0031263777081960153
2023-10-31,0.002818979700360158,-0.0006496594829896729,-0.005456562573315948,0.008909857188519776,0.011934185283114074,0.002371869718808428,0.017015431884810805,-0.0002833092811532767
2023-11-01,0.018738564720501394,0.01105049996253804,-0.003150642851826202,0.002359354038508288,-0.0008628590958323912,0.023542642700833394,0.006171052194340332,-0.0019839588826937593
2023-11-02,0.020693302969716942,0.006018268042908614,0.0033240729584831374,0.01042439559063224,0.017849429029091146,0.006501537013369418,0.03284722255881034,0.03284737313729469
2023-11-03,-0.005181117404646218,0.006089122612787268,0.003638921283475316,0.007321585698192523,0.01117245832664926,0.01286171774692213,0.023884877639930524,-0.01218950300232402
2023-11-06,0.014605257086594658,-0.004990336566085718,-0.007792560392528847,0.002378729415099645,0.007552435288030068,0.010572644289361888,-0.014434692889987,-0.017721359655885505
2023-11-07,0.01445063622740661,0.005335420137650093,-0.0041451308444239165,-0.005273532989655827,-0.00048588040189001536,0.011219244628553948,-0.008238636793772014,-0.01567939713258648
2023-11-08,0.005884997966979055,0.0033967035379014465,-0.00996764391222027,-0.0036445661202347823,0.004930183885677897,0.007405706787420252,0.0032965936507503013,-0.012282986233796533
2023-11-09,-0.002624600050313286,-0.008357411867706999,0.003982968433291267,-0.01948792676552491,-0.002971179820318137,-0.006910740518606628,-0.015771026386740217,0.0002913494879006606
2023-11-10,0.023219986712804452,0.0023471669384547145,-0.010909752197912126,-0.0011532526365138906,0.014831175631830895,0.02489672028171297,0.00934713400238496,0.007672935492077038
2023-11-13,-0.008583667248558857,-0.00010645940707176837,0.005570720464602941,0.0025806534204748655,-0.0044390437996986165,-0.008088316010964047,-0.008334440171962276,0.010506081891490604
2023-11-14,0.01428575354075412,0.012559969427188289,0.008919177105678688,0.00020319979129634902,0.01824694380407954,0.009790328418006311,0.055496334497209254,0.0038502840241037006
2023-11-15,0.0030409804169464483,-0.006202129788615673,-0.002635601473798599,0.0077203535222194475,0.008757654241826174,0.0004060110721468835,0.002906871914192477,-0.006040978828274035
2023-11-16,0.009042082399532081,0.005500365725493728,0.011286077178189302,0.00873670856990083,0.01141990849583241,0.01758352275754027,-0.002142307365608165,-0.01157624721399908
2023-11-17,-0.00010544708835447114,0.0019986323875738066,-0.00010890234740634774,-0.0020654672348234815,0.009045624943971875,-0.01680105207204341,-0.0007577624960309892,0.02439979620871613
2023-11-20,0.00927829431568905,0.001575177970405628,-0.0016333808174913145,0.008815769617447122,0.003075627916775403,0.02052191351515731,0.0073304180993281065,-0.004382614311477573
2023-11-21,-0.004230829110849932,0.0010480946979127825,0.01079790063288577,0.00807133540305549,-0.0020873580578827378,-0.011578033638603658,-0.007026169138793059,-0.00038275758176975483
2023-11-22,0.003514437728304287,0.0009421688290303099,-0.004262252597287075,-0.0019850890030997936,0.002353085470547134,0.012812620388406692,0.004927998120676902,-0.004307962667428389
2023-11-24,-0.007004339857799358,-0.004602880902697448,0.005201596914642392,0.011139058493071063,0.001369809706222913,-0.0011118174685187387,0.0028918861950752994,0.005384085278484996
2023-11-27,-0.000947481943409656,0.0056754449950258135,0.006737817869841178,-0.008000010148540793,-0.0022795121648622185,0.0031265304096466107,0.003636006951619697,-0.0058335145814603084
2023-11-28,0.0032138886301118497,0.004389171303893713,0.013331852960406732,0.0023135587115343803,0.0022847202123796873,0.010802804821329559,0.006620838937136719,-0.0005769237368746793
2023-11-29,-0.005409472140648686,0.004889953440511352,0.0014794398574642376,0.003165587194416286,0.00508001411888559,-0.010060251810838028,0.0069495389963631915,-0.015014450929077494
2023-11-30,0.003062887060945707,-0.0033131813374854824,-0.004167950375202456,0.01676428593231205,0.011404774111203109,0.00015855173637824294,0.007271560150875933,0.003908519474341787
2023-12-01,0.006791203798816259,0.00879297148297753,0.017271494075951965,0.024052814247021326,0.004869369886895791,-0.0116124203267165,0.02459286947335615,0.002433274556031151
2023-12-04,-0.009464682129794122,-0.003820908618537122,-0.02161342646325959,0.0031568912021735507,0.0073322365121819555,-0.01433852205441033,0.00728459024883521,-0.0054374084727837335
2023-12-05,0.02106316023681387,0.006634619581777468,-0.0037794459254785195,-0.0020770684740578638,-0.0001265283882040391,0.009156249256736748,-0.0066389316529178455,-0.01942790323379895
2023-12-06,-0.005686995735886935,0.0025746551479377544,0.0036868953454944897,-0.01217273496898652,-0.010508234828836338,-0.00998612521793718,-0.0029837137395625213,-0.013241675163251476
2023-12-07,0.010139244688240234,0.00030796699789714665,0.0016503277504122948,-0.0077895636152155445,0.003070645567379904,0.005829874915200373,0.0028728580155759076,-0.0069620309603763975
2023-12-08,0.007412478558062485,-0.005031741395425837,-0.01334039111485108,-0.006306426122692166,0.011033915466885924,0.008842220710076232,-0.001671000297222447,0.011481519256311579
2023-12-11,-0.012927439696885812,0.00010319930502911134,-0.011042895165362276,0.004144662718414294,0.0036589672626292646,-0.007829671033207641,0.0027497814561501244,0.0007030708934432361
2023-12-12,0.00792029158615093,0.002992892891862553,-0.0005446421195114404,6.456453146941321e-05,0.008925150411236205,0.008295356695092515,-0.0005959764098258935,-0.015759878217827983
2023-12-13,0.016691418930645296,0.012552796833662061,0.022562533466176538,0.004642732202885913,0.00336401166466338,-2.675456035194923e-05,0.03829626304981493,0.008872969104168904
2023-12-14,0.0007577388196795543,0.008070934632640636,0.005862552982469849,0.006932743130044328,0.01819194706154703,-0.02254454072214973,0.028840566502914777,0.026890457084491226
2023-12-15,-0.002725654497679475,-0.002325052415048101,-0.009166511771857233,-0.010900916473649325,0.007561533223076067,0.013117280821630883,-0.014071839114697449,-0.0066941641661865114
2023-12-18,-0.008503379637187503,-0.0020265646585891917,0.004545487184575592,0.0018046678025194218,0.006052009684528681,0.005178944861490287,-0.0022656612133414855,0.007433102837875349
2023-12-19,0.005360064370418582,0.0012183417589761714,0.00681394057869511,0.0065620152968490775,0.013354986523221424,0.0016369501425403943,0.007606754411077166,0.013182403052958369
2023-12-20,-0.010713918757210394,0.003650908316491508,-0.005445982936102989,-0.020388506072822388,-0.011279100217785443,-0.007072802590986638,-0.012169034884299545,-0.01670067359622318
2023-12-21,-0.0007699911185248265,-0.00010090563840114974,0.007070635455129759,0.01024333845363512,0.005704028482688361,0.007878743391561471,0.008868270371735987,0.004542305039659134
2023-12-22,-0.005547591593555112,-0.001313882804191202,0.004434417088942322,0.004004107182384198,-0.0005971038605445678,0.002784013856260259,0.003891503545916164,0.0017695079060762176
2023-12-26,-0.002840734995271932,0.0020236938727684617,0.007620733251079592,0.0043741138738015994,0.005914088042953791,0.00021375716344418372,0.007410731491776179,0.0022568893165497705
2023-12-27,0.0005179541909452468,0.006361683235625248,0.004537842226414179,0.0013449281156261428,0.00599784155015004,-0.0015747813191081539,0.0048665766397295585,-0.004699454861965879
2023-12-28,0.0022263368358006463,-0.0022073357758215506,-0.005815437657636813,0.0014709791466589461,0.005312907588106874,0.0032346125944189286,0.007095355553983218,-0.01445988026282774
2023-12-29,-0.00542418517587584,-0.001910768810009178,-0.001566841018672216,0.001021974826842964,-0.0011743857988503192,0.002025092763549452,-0.011854253184059305,-0.002096062970587398
2024-01-02,-0.03578669212333585,-0.004735428051039214,-0.002353909884146743,0.020607161084388537,0.011640145638990074,-0.013748522252128859,0.008601313865670868,0.023804682967956348
2024-01-03,-0.0074876709274273034,0.0005059937689562144,-0.008336809604204354,0.006251330893240592,-0.004358485148506563,-0.0007279595310183407,-0.023900514196739664,0.008401611992910452
2024-01-04,-0.012699987322144612,-0.004047222768251202,0.0010046128932528209,-0.0021121940598572975,0.006636232018471633,-0.007177622807429507,-0.0018392569270538894,-0.008719195663096202
2024-01-05,-0.004013172870707793,-0.002336874908738462,0.00015845540955172766,0.0031128723332933816,0.005017139604173604,-0.0005162257812263427,-0.0025337911738713137,0.0030297504808352027
2024-01-08,0.024174870884270172,0.0037678482154732684,-0.007816271130823282,0.0024822897977789804,-0.0014512295919399953,0.018871475857720865,0.014317277641186843,-0.016661684083586037
2024-01-09,-0.002263332936664697,-0.0002027129627454327,0.0003193567900841021,0.0006189859210146142,-0.007905934040894569,0.0029356987018189784,-0.006715986607269464,-0.012386183136986806
2024-01-10,0.005671458986897138,-0.0019281903178193227,-0.00228804710551489,0.0014849664107141614,0.0021094406108013164,0.018574176019896527,0.0011459199911920681,-0.009832363422335733
2024-01-11,-0.003222474459714242,0.005693385984914645,0.0019733072916665595,-0.004447994881633832,-0.004210000475627695,0.004859275259266438,-0.00927198232515214,-0.00020276872977553762
2024-01-12,0.0017780037455483733,0.0018195274074659373,0.009794068475553752,0.00769474481052157,-0.007339991782382316,0.00998373124574159,0.0060081384021068995,0.012972599139750907
2024-01-16,-0.012317084667221367,-0.00746709566750503,-0.009488181898979597,-0.01151548303577099,-0.006270409290245582,0.004633508822121435,-0.007350360983123139,-0.02261120356475732
2024-01-17,-0.00517357079457359,-0.0027451615502003257,-0.01101595063528893,-0.0005607130285182338,-0.005357419445450429,-0.0020498129012025412,-0.018280823552485725,-0.0072679905300157
2024-01-18,0.03257082487407348,-0.0009172956989161873,0.008232882099906247,0.004862038257600787,0.001974967861222421,0.011297247019852463,-0.005421336890816919,-0.0018558424213622748
2024-01-19,0.015532937181857775,0.00020414156144177298,0.00298872590696031,0.0029151682149362035,0.017262060072707808,0.012187015497867604,0.01196846872138213,0.001549452695078557
2024-01-22,0.012163376987489594,0.0018362337031971876,-0.003777957126316789,0.004886370083629243,-0.0011743818295740782,-0.005418122309006734,0.005971764050892947,-0.001340898611990493
2024-01-23,0.006653122328642125,-0.0024438795171880523,0.0038991332271092194,-0.016372224353393472,-0.00658395377632881,0.006027557466615541,-0.006867645696769231,0.011257969893996078
2024-01-24,-0.0034838574072749706,-0.002245891450882276,-0.008246890539639895,-0.005318713227298044,0.008935306150348543,0.00917521917373576,-0.014299254655899207,0.017260683457741566
2024-01-25,-0.0016966330003623797,0.004501726849140741,0.003969986681303217,0.0037742642137075233,0.014310955197322173,0.005738301151991587,0.012841926916553392,0.025401726446001804
2024-01-26,-0.009012865842810025,-0.001120388031402797,-0.0006946931881827156,-0.00037595675234392,-0.003816322167125241,-0.002321716301631027,-0.002817652995469433,0.008518422072189447
2024-01-29,-0.0035859695432900462,0.0039767554450433895,0.0070584854445867595,-0.000877730805096677,0.002611914061133813,0.014334215525251048,0.006593004548067105,0.0012622159581128223
2024-01-30,-0.019245686522666228,0.0019297875925430308,0.0013805262268788976,-0.0037023735939568647,0.02049461926742069,-0.00275804464270224,-0.009356833322281655,0.016677844091047334
2024-01-31,-0.01935755611058687,0.004561350561723021,-0.0007423479101065222,0.0008189137497496279,-0.010835892286403803,-0.026946258881865637,-0.009563073169517877,-0.01945632804708175
2024-02-01,0.013340723566959367,0.00569817467887046,0.01040067256889099,-0.0033983744901956436,-0.0036131857818793023,0.015594294390661956,0.018118960865747935,-0.0040850583649056915
2024-02-02,-0.005405307475346399,-0.009157674700712048,-0.009453300862028224,-0.011050820519758697,0.005756134762990639,0.018426030052014042,-0.012410715455703714,-0.00410197289699743
2024-02-05,0.009846648493096133,-0.008226818268499692,-0.005513988032274764,-0.005172100182110562,-0.001316366668281943,-0.013545133002028642,-0.020983879771788616,-0.004118868383472751
2024-02-06,0.00863187711658453,0.0052229729234798405,0.005224693124019186,0.014505723969481021,0.003438550069875923,-0.0003945409614606321,0.013441358571230522,0.006892959789617459
2024-02-07,0.000580889893076808,-0.0020376100400094632,-0.0002651978305409086,-0.0005061007993271138,0.0018845316634099607,0.021110211558795777,-0.0014337625705582724,-0.000293246364930555
2024-02-08,-0.005754588059869503,-0.003062365144580914,-0.0009018470501077624,-0.010001419473358086,-0.0035910571280056702,0.000144923305257727,0.008136808891299196,0.017119886880625934
2024-02-09,0.0040940084954168565,-0.0003072021722381191,-0.003876152075832917,0.0023020386436969353,0.0012011819151096503,0.015551429045797871,0.0015430154961886267,-0.021159995560992795
2024-02-12,-0.009001865280690136,0.00020464236789696777,-0.0026119694947860372,0.006953295925207437,0.004456853181877163,-0.012578704656954542,0.00023710319342851172,0.013756518318056132
2024-02-13,-0.011274458198461512,-0.009216511609788092,-0.013788690196348319,-0.008742618226339927,-0.008703498717728575,-0.021528640532109122,-0.02061611890486037,-0.008608913125110917
2024-02-14,-0.004809839740113175,0.004444535178391273,-0.0005961123453055439,-0.004665175590866655,0.010157338196869148,0.009665417609799665,0.007863578583504394,-0.004933773737201386
2024-02-15,-0.0015747254766697028,0.002366710480698364,0.0067238125229136525,0.013997566369734704,0.021814379293143338,-0.007155234420361034,0.023286356157076193,0.02865925577456463
2024-02-16,-0.00843036637074801,-0.003182291648847979,0.0036625695484677756,-0.0011484645080570566,-0.004670090712260877,-0.006149218391671818,-0.010322336684864153,0.0
2024-02-20,-0.004113910178812907,0.000926670480497549,0.006064210073093879,0.008367777485022598,0.003909869475580141,-0.0031431197431862623,-0.001778048637371632,-0.009447658039822393
2024-02-21,0.004186093677283509,-0.0029836755912655555,5.331256612173263e-05,0.005194544830935843,0.006509978773822089,-0.001514422793319481,0.005580715805639125,0.020437928240003123
2024-02-22,0.011243805703153198,0.0008256588913975182,0.00042672195902415666,0.011154655634655342,0.011995598855660372,0.023546598390748574,0.0018891104512257506,-0.0008582989896253057
2024-02-23,-0.010034075144366494,0.0037116874193450222,0.005651511902278639,0.008663078780916544,0.00502533106028058,-0.0031822415748032906,-0.0004713871104894407,-0.008782001249367899
2024-02-26,-0.007451198159029615,-0.0021570678040094826,-0.0022266895335479875,-0.00648804530667868,-0.0034239858086987374,-0.006823594526324972,-0.0109656896440119,0.003948420488678606
2024-02-27,0.008114285791847475,-0.0013385291192636872,-0.0010626830578386315,0.0011817576266452967,0.0004905743230476656,-0.00014719365528714778,0.0011921930976879214,-0.0021103960780201048
2024-02-28,-0.006625319707944666,0.0019587405034604544,0.00180849115899262,0.003540889390789337,0.005069634656822641,0.0005888612977955621,0.01012142854294007,0.002787712873064896
2024-02-29,-0.0036930833891722914,0.0016463071536625407,0.005150266749304189,-0.001052299013364455,0.009111545223542183,0.014519875730752307,0.008487642431759923,0.0019171495670837757
2024-03-01,-0.006030435397010536,0.00480113593430076,0.018910791174389097,0.004585420939163587,-0.004138389108965912,0.004496681890845844,0.011922779244379456,0.012629129231958025
2024-03-04,-0.02538123867164843,-0.0024608926637810224,0.016174996770490724,-0.01406376371629492,0.007501723257840931,-0.0013959101525802264,0.009356500210297103,-0.013983241120736012
2024-03-05,-0.02844095107962974,0.00544747879069396,0.006020141664404566,0.0008135083832805368,0.01001717603902641,-0.029572028016130014,-0.01213091436183844,0.012265130476311503
2024-03-06,-0.005878227665892188,0.0015336331779098877,0.008215401882095241,-0.003938412852726336,0.005197575305807334,-0.0013907216708953785,0.004981683289943861,0.010696719089277273
2024-03-07,-0.0007095328206183638,0.0021435173902693005,0.005683843351386164,-0.0029496487181756015,-0.008758466408770316,0.017533360643672724,-0.0002306255253581302,0.0056195483173107075
2024-03-08,0.010236694634058408,0.000916508494728685,0.008452547868211147,0.0040914702322527585,0.0018630317994057233,-0.0071369193710930645,0.0115300743738731,0.009406604286185338
2024-03-11,0.0118315610010995,-0.0011192887881357194,0.00183502012710135,0.01071969046537724,0.00037176183688258924,-0.004185026276340764,-0.004787545398013515,0.00590535860072916
2024-03-12,0.002778404472918883,-0.002546816232021465,-0.01094062729637224,0.009365541523518095,0.008232142442102353,0.026599444772500203,-0.00217609499253002,-0.0064208554076182756
2024-03-13,-0.012122405761961996,-0.001838402971640618,0.00700740378557585,-0.01007755535271937,0.008112057191577593,-0.0004332764969086078,-0.005050432117218673,0.011170532625021767
2024-03-14,0.010927316792233688,-0.006344179184086696,-0.004175139558116325,-0.011731769004770576,-0.017818032534935302,0.024379561001979688,-0.014997864826103768,0.017712110974752227
2024-03-15,-0.002196610058674331,-0.00010290071524754474,-0.00319440663913817,-0.006469401264575736,0.012395553337970044,-0.020695144369640595,-0.0022251896520644188,-0.0017943222532714742
2024-03-18,0.006372414077999489,-0.0010297807621963972,0.0016022835845583838,-0.008977056565267927,0.012401596076416332,0.0021613407886140745,0.0004695057186487883,0.00925696960341682
2024-03-19,0.013585149693818188,0.002474255469592679,-0.0011498061737871268,-0.0035086272465277846,0.005865098294961957,0.009800554287401342,-0.00035205989063047394,0.007034605595306775
2024-03-20,0.014709220834955739,0.002056762751441399,0.011911859798154678,-0.00288092373105997,0.013107168879177733,0.009064865023980406,0.006572788679795716,-0.0008842739186221138
2024-03-21,-0.04085746644691468,0.0007181149358175265,-0.0010386361790747367,-6.42009331014437e-05,0.013904967364664955,0.009735806058604135,0.007229542302357839,0.004425140554630724
2024-03-22,0.005310098468912061,0.003179247225202575,-0.00802096899240623,-0.003338560138461011,-0.012257700621523648,-0.0014673148906481082,-0.012586471999178284,0.0
2024-03-25,-0.008300415671985473,-0.0018400118442114533,0.0031944066391380588,-6.44201255893817e-05,-0.00915440187402461,-0.01371458347652943,-0.006148611249061187,0.010221155760127054
2024-03-26,-0.006672487785141179,0.001024168517761881,0.003233961285236564,0.0035434382483523486,0.004670723666728049,-0.0028614455963021923,-0.004045440150865831,-0.0075010148011365185
2024-03-27,0.021212525972770457,0.003274002726829206,0.007240660177973313,0.01405920156849727,0.019363689719854804,-0.0005217225465007358,0.02580334392030803,0.010369932124748127
2024-03-28,-0.010559045481797091,-0.0012236721636318393,0.012900024807739996,0.0014560553874354287,0.003909271460601715,-0.001684749651136963,0.007103818590199262,0.011046458896037503
2024-04-01,-0.008455737442222944,-0.007270845124966452,0.010208079384865787,-0.002591904329540262,-0.0067898667184279615,0.009150949893477422,-0.01676684587556798,0.006452123888906369
2024-04-02,-0.006998783492263905,-0.0007221821704525011,0.014772360490971526,-0.0003167935142105449,-0.000402181247450506,-0.0073721313187555815,-0.01258364247461119,0.019574187096130125
2024-04-03,0.0047973799869927,0.0006191865758549131,0.008772374739768773,-0.021999781095696225,-0.002816002760746339,-0.0023490310777646295,0.0010719457866144033,0.000167771267483241
2024-04-04,-0.004892330855129745,0.00237309403044339,-0.005734705223284009,-0.011409236772882858,-0.007608294721210274,-0.006112525782608236,-0.006424787695586187,0.003520518095281089
2024-04-05,0.004501723456117546,-0.004940370664191396,0.017114197447370305,-0.0007213068590459226,0.009199933478730493,0.018282731182531986,0.005149030409008715,0.013782172993055397
2024-04-08,-0.006663552151439767,-0.0009308141092262412,0.00622848536623688,-0.005249759670808873,0.005216582919828516,-0.0021855338226913767,0.010721819880026517,-0.006756199498615056
2024-04-09,0.007242519200421738,0.003416192767101034,0.005497054993034878,0.004617689603654496,-0.00670095789013192,0.00398019481340639,0.013319297174949396,0.005226020035209222
2024-04-10,-0.011139279856154927,-0.011968491542869608,-0.009463856185613961,-0.013723729891780834,-0.008521440412965764,-0.007084494622058735,-0.04140979813643231,0.008417272144057852
2024-04-11,0.04327095396259373,0.00020884422819533732,0.019433247203493043,-0.009387529879968826,-0.00020468322971745057,0.01103340598049396,0.0033977114200081093,-0.003355122289227519
2024-04-12,0.00862679472467498,0.001879289956403296,-0.013239324939518515,-0.008535573240263883,-0.06467789670334456,-0.014090992803074354,-0.01185152532577094,-0.011659471762433316
2024-04-15,-0.021863726711772724,-0.006044196677767455,0.01871915519396472,0.0004746174047929319,0.0005471186535983552,-0.01957812401489889,-0.017011369231728524,-0.005732324110406584
2024-04-16,-0.01916707351737401,-0.0028307569271538435,0.0012220152803359419,-0.02127512647388452,-0.011427527240772561,0.0022724741403676862,-0.014068837210428065,-0.008271987008729331
2024-04-17,-0.00814737369120988,0.0046262281555509155,-0.007368252752093185,0.0022153959440123216,-0.003982454703991833,-0.006609114019963225,-0.007324181890601245,-0.0005055449187388872
2024-04-18,-0.005714378238104945,-0.0028257204322825746,0.0034154561341945833,0.006700239517675621,0.00649728775593772,-0.01838093154429199,0.00012735994579160526,-0.000927289856736957
2024-04-19,-0.012212716052074635,0.0010494816832584686,0.003131535140574959,0.014889652423275113,0.025103319361435616,-0.012738987201094232,0.0048332920187421635,0.011474822569925713
2024-04-22,0.005090934154469817,0.0006291982910746619,-0.02470249054532203,0.008180488241792183,0.019429451196060876,0.004610094536008136,0.008860622955613628,0.005672255378081248
2024-04-23,0.0063917165029592216,0.0020956137311127776,-0.002458663172418052,0.002950517485938997,0.014413206038236037,0.01648541044754004,0.009159656290059104,0.003898533250580538
2024-04-24,0.012702243864187057,-0.002614123634927079,-0.0018600907225296837,-0.006886824677972081,0.004892353054447129,0.003655873208348037,0.0018647524721364661,0.00016534541892632149
2024-04-25,0.005147429281381122,-0.002830460067082652,0.005963468053189924,-0.011512644799456684,0.0015020363668012404,-0.024495281468524976,-0.0057084932987427894,0.002313125857699605
2024-04-26,-0.003472966009946288,0.002207831063800736,0.003241927353549112,-0.0046317092600403065,0.0006205551473956739,0.018243947727861975,0.0004992318421350728,-0.027775555964016152
2024-04-29,0.024808063371766664,0.003042112190452917,-0.002031218037689575,0.004653261815882326,-0.0010854609660969627,-0.010016817852668947,0.010229550246591224,0.014242041700741614
2024-04-30,-0.018270903965436736,-0.004078551150983989,-0.019937078844561418,-0.01518889401077339,-0.007967636497841712,-0.03211928389038743,-0.016917854471082183,-0.011450935268493834
2024-05-01,-0.006047103726853242,0.003528703008395917,0.00906215232545482,0.045577193675906846,0.0006258305903230621,0.01440933245261422,0.00037687344205217244,-0.018939705782062055
2024-05-02,0.02203195385387402,0.004513341028197004,-0.0030870874411647042,-0.008334277014777514,-0.0010423438423328157,0.007342896548447886,0.014063251218961126,0.0018099365175550108
2024-05-03,0.05981609300351742,0.005120318348434516,-0.0007976266365629092,-0.004335724175114741,-0.006000347755651836,0.022169756880304092,0.006686622121950148,-0.0020648012822280792
2024-05-06,-0.00910670806800662,0.0007277357861854572,0.010518361024399514,-0.004622466419456295,0.00782109406611986,0.016918371966373025,0.0008609255093692258,0.006465543062886825
2024-05-07,0.0037972235113064023,0.0020776015605903364,-0.004600326433150892,0.0009421395581237224,-0.0013021030043199877,-0.010156300775441163,0.00946293041849322,-0.004967909890755795
2024-05-08,0.0018640883761906757,-0.0020732940815708645,-0.002941061869504713,0.0015466281601870246,0.02033917562209231,0.0029314557100816874,-0.008400412047680939,-0.00017212437158009575
2024-05-09,0.010014246475805288,0.0018698162995862688,0.015778607960932778,0.006042257129460493,0.009455511806075068,0.004335888144518574,0.020503433532009563,0.019715956269148238
2024-05-10,-0.0068902430494725,-0.0020739746584185204,0.008112513438038427,0.0004005046080453045,0.006430339465763435,0.005869183017267687,-0.0027670259460574886,-0.004052760360517271
2024-05-13,0.017645447055945285,0.0005196130924753906,-0.011202103844459854,0.00873851958645111,-0.000201205759417733,-0.002459372549369787,0.0032573499987540444,-0.00042388326102438256
2024-05-14,0.006173623225254277,0.002700283656106084,0.008462045119477013,0.0010579484687363028,0.013988954539606135,0.006864585248480992,0.007696003057712675,0.006070492027560936
2024-05-15,0.012217852792761441,0.006628489941920668,0.012838750510223873,0.008521652921212874,0.0029774391316705895,0.01748396095500837,0.013842528192667958,0.007733492815092502
2024-05-16,0.0006325241166504902,-0.0011317594238345885,-0.0038933433506626036,0.010545658658787982,0.0017812381808797184,-0.004940000396056243,-0.0007062827607990929,-0.005987558764559031
2024-05-17,0.00015805128186063833,-0.0031930120655878635,0.0164977725898805,0.00233330104592544,0.011458463585320544,-0.0018527066733364794,-0.00011773338616383189,0.015016505019383786
2024-05-20,0.00616197510410732,-0.0009300642154692618,0.004023937591649318,-0.013885168443323881,-0.04497291673386128,0.012208031095166216,-0.005890034183915649,-0.00810763951680138
2024-05-21,0.006857311334965255,0.0018617767607600477,-0.001469548604570936,-0.0001983031961438897,0.02014536425938851,0.008699021797269113,-0.00035543066476861895,-0.006909913530053879
2024-05-22,-0.007538370664138316,-0.001238905714509797,-0.01837396956557802,0.014943168044395216,-0.006064759134431608,0.0034495144166628577,-0.009009045340388044,-0.020110221636070902
2024-05-23,-0.021058138264443915,-0.002791058089047449,-0.019944570339717638,-0.02475576606937413,-0.007009251257750204,-0.008176095454199062,-0.02153094841901093,-0.017059288431720887
2024-05-24,0.016588212511635003,0.0011402896065058066,0.0009271136061119734,-0.018236437229622204,0.019246490529497118,0.007400440664898422,0.0007334679328354632,-0.0007928177577136708
2024-05-28,5.2671865185871525e-05,-0.0046594700172925,0.010513172896031486,-0.017622584000580588,-0.006028645195179871,0.0003719940269002464,-0.006596768971487088,0.012696062443765532
2024-05-29,0.0015789417987965848,-0.003848849509825003,-0.009303812074716977,0.00041553292867613223,-0.0069672834864089594,-0.0026724220432622348,-0.009714681471622466,-0.010708612229099357
2024-05-30,0.005255218622111313,0.004699285357676608,0.0018967600627461945,0.005815484193671283,0.006158054694799464,-0.03378614350909326,0.014652962659120972,0.00316813227118784
2024-05-31,0.005018581291011959,0.0032218850736238647,-0.00586417430627717,0.009567752333107915,0.0165554101872063,0.0011092383217810031,0.018724679650208298,0.028686767990050654
2024-06-03,0.009258662003673424,0.006049018077784352,0.008917780500373507,0.007295395731689691,-0.0039973262468917525,-0.0038782179607761424,-0.002282419849647388,-0.02396390931497061
2024-06-04,0.00164928996923841,0.0036156352061744723,-0.008977059834655465,0.0004059751724534433,-0.013180122165574293,0.006166529212243033,0.00770609813654044,-0.015552612158300949
2024-06-05,0.007820892264638557,0.003087903754078525,0.011845603201319,-0.012381459650373738,-0.009540022367120149,0.019083359133161393,-0.001194936589285489,0.003993996345214024
2024-06-06,-0.007096605400014555,0.00030785627627571976,0.007391356612921562,0.0030826587695396146,-0.001774366694618501,0.001202634070089248,0.0019141277317116234,0.007514164480069363
2024-06-07,0.012392151663584983,-0.00882203038749696,-0.03568330143379639,0.0045077212815825,0.015438643233677052,-0.0015781982694744734,-0.009432810772374567,-0.010704554709542569
2024-06-10,-0.019147914529541454,-0.000828112886646637,0.009168181127878317,0.0003399207089083145,-0.001700589364197147,0.009484520858773049,0.003375088009371696,0.0029267580390961445
2024-06-11,0.07264917529171622,0.003418089782479372,0.0028566106093961263,-0.0025147742447505506,-0.026301133414645794,0.011241722297683054,-0.003604092260558023,-0.008047401261055964
2024-06-12,0.028578522069909074,0.004748864428114841,0.0026617200115086614,-0.00919873619846201,-0.014560594022208662,0.019367783647716408,0.008922159706238775,-0.011054650060880356
2024-06-13,0.005491103832665489,0.005034242551849033,-0.008150148984962247,0.0002749505629282556,0.011121001603741298,0.001178910677036571,0.004063134577406036,-0.008023061452668068
2024-06-14,-0.008168499790174755,0.001022278664314591,0.012959545903254766,0.0006188233604673687,0.000619544491939239,0.002241973232202543,-0.00023802938279438024,-0.008451490829541553
2024-06-17,0.019671499337532428,-0.0035744443833035655,-0.005191652247571676,0.002817062069914611,0.00619258515170662,0.013105215255968972,-0.003928564540703117,-0.006873802949229235
2024-06-18,-0.010984472958649238,0.0035872668692156218,0.004007271832187298,-0.0020554241349922675,0.010360134744814786,-0.004527539676340564,0.003944059031159464,0.009413093287859553
2024-06-20,-0.0215128533664124,-0.0017360087445833505,0.012484347826456466,0.014624102952150553,0.008477034546306328,-0.0014338294308172683,-0.00285712908140634,0.0215761249599844
2024-06-21,-0.010444428195132582,0.00010227641840954149,-0.015493238109986152,0.006563870359371782,-0.011929246570559826,0.009154176332495156,0.0025072116423745516,-0.008770350228501367
2024-06-24,0.0031326038742478524,0.000818209813441495,0.003957566385821121,0.002487386479381515,0.013143194429944716,-0.004691127010032936,0.007740705466851461,0.02970385218719085
2024-06-25,0.0044682941576601465,-0.00010210027823143175,-0.004962237629221655,-0.012942612968604439,-0.004072935217073748,0.007326740998037096,-0.012290244392964222,0.002805848058964111
2024-06-26,0.019993212636300495,-0.004497713836558503,-0.009228168111804491,-0.00251364139197785,-0.003231226450165936,0.0026832908112384146,-0.003110672367320766,0.0003497061151747083
2024-06-27,0.003985972233497392,0.0016429666704347312,0.011336925587312363,-0.006947310660218253,0.008813332502926485,0.0015259358687302882,0.009721423286287667,0.0042828376542010105
2024-06-28,-0.016254206417840922,-0.004920486003154312,9.297647872519299e-05,0.002469024255896235,0.015514361711137292,-0.013028641981085998,0.007978915966574185,0.001914754449456435
2024-07-01,0.02910459855178371,-0.005363406485309308,0.002604589701363791,0.0019158637930845046,0.015771795237113917,0.021881730100610897,-0.009431930232142727,-0.001389918862214401
2024-07-02,0.016239936380784137,0.003324772511953622,-4.643394389247657e-05,-0.002799856587688776,0.016451733443415106,0.005583130483503895,0.00470060147294582,-0.0067849301903606385
2024-07-03,0.005811053829640533,0.005384489255641611,0.011273000380832565,-0.0023282983239012456,-0.0006704088074551695,0.0032441202500115285,-0.0009597737698051612,0.0050797001271896125
2024-07-05,0.02162033388311113,0.005047034998860944,0.013486798057397165,0.005422424329378783,-0.013250532925021874,0.014736239758701197,0.002761808344642347,-0.012112221999166617
2024-07-08,0.006538880275829939,0.00030755925519954097,-0.012402074526820739,-0.006827020251134908,0.0018555680745222514,-0.0028230874838927056,0.003233035092408798,-0.010496561959483786
2024-07-09,0.003774909366133894,-0.0009221480374009827,0.0016957473442755777,0.010791991670136003,0.011990065014477969,-0.01437030852382104,-0.00023845412207623706,-0.01105373477870264
2024-07-10,0.01880356507674441,0.001025527280930083,0.0036603361122538036,0.01618493129393972,0.0008187858652974889,0.014601542223466657,0.007401959993004192,0.008833665777714161
2024-07-11,-0.02322079145470024,0.00512197324060093,0.017733403441032136,0.0018069175030421825,-0.0016843653535265624,-0.02477209578071571,0.02867982899909749,0.01188342342960702
2024-07-12,0.013050776255941754,0.002751412073072723,-0.0006270969301161999,0.0012024036197850752,-0.01209928450503528,-0.002529200526460662,0.0076035898323600914,0.0001766174783470742
2024-07-15,0.016743367797082076,-0.003455457348534141,0.0032271131671974818,-0.004270019681716586,0.02493418583591378,0.000903994874985381,0.006745961104609011,0.01712718166733196
2024-07-16,0.0017918786066573045,0.0040794455820689635,0.019925798233449088,0.011859883681296424,0.016995955625627168,-0.009780599095451037,0.012265792859127655,0.0072042391955433605
2024-07-17,-0.02529600170978552,0.0007110797280154291,-0.004643206403117217,0.03688526442388795,0.015213911086106702,-0.013347580473524134,0.006843974104493222,0.013788374435115935
2024-07-18,-0.020534854784360568,-0.0027405666264508355,-0.006381186355259194,-0.0074085028910575446,-0.031770235895935306,-0.00710222241606262,-0.0088033268681873,0.009860662185189994
2024-07-19,0.0005799316802006516,-0.0020355707908994436,-0.017937829186174925,-0.0046968378219980345,-0.0009525233057621207,-0.007402871799735755,-0.0017987352187642802,-0.02297993360997741
2024-07-22,-0.0015602758850207232,-0.0004078955715489663,0.00031573231212611574,-0.002908989425774222,0.002383578678647691,0.013337550116581554,0.010361680237207072,-0.0068923026307794455
2024-07-23,0.0046882109787453885,-0.0001021788600514828,0.003516676143213937,-0.012253771048081119,0.00023767924261730577,0.004312114504237297,-0.0007804469282711723,-0.016135994563425182
2024-07-24,-0.028754230704878814,-0.003061268000143169,-0.0035043524704835294,0.025795960497998482,-0.008272671078887073,-0.03585480404534136,-0.014725561415041222,0.014108058112720201
2024-07-25,-0.004804623900094729,0.0027636504865824474,-0.01564473026582147,0.021499780785473543,0.00038353324837925307,-0.024481105825175153,-0.0032835196518836707,0.021041668644282252
2024-07-26,0.0021611047299225916,0.0035725728186875028,0.010534525866662925,0.006264032680941334,0.01710835592604787,0.01641956884855844,0.017493966547854622,-0.0008516532659647025
2024-07-29,0.0012847127700519323,0.0016272645711870037,-0.0014050562105476505,-0.012948140056605828,-0.006549093902403658,0.0034331600673942475,0.005135813629016717,-0.010483177430574586
2024-07-30,0.0025658475050005514,0.0010155303058938525,0.009985461488319247,0.01746977103795322,0.020583380931512574,-0.008928374217784696,0.007775130140919462,0.01782939218464774
2024-07-31,0.01499086477189926,0.005376371154514503,0.018110725786084414,-0.021570638062305303,-0.011106547261199529,-0.010805792095674449,-0.003526892689025507,0.003554274813566849
2024-08-01,-0.01675072066025418,0.004189926423069812,-0.003442943141866439,0.018435085513579086,-0.022744369529571595,-0.0029640999912898813,0.010065221288854564,-0.013829216059283889
2024-08-02,0.006869356072107369,0.011187272476756771,-0.0019046282784819235,0.021025230770567394,-0.042412052725018023,-0.020665940263358773,-0.0005476589441878454,-0.0005985359989354455
2024-08-05,-0.04816691174391807,-0.0007974318637227196,-0.012691935106198704,-0.017606993327913822,-0.021291558511695174,-0.032656839158919815,-0.028596431542769918,-0.018052740756901997
2024-08-06,-0.009748299353653178,-0.005984994565174984,-0.008000713832612472,-0.01413955354393892,0.02791176670972484,0.011286830402033932,0.01973845751931247,-0.005314796408476541
2024-08-07,0.012498220697498397,-0.0030105552432602156,-0.0006796279952806517,-0.00044039523550465365,0.00029955404947301645,-0.002952950958429512,-0.006857695257240115,0.013314532623187603
2024-08-08,0.016633313191291688,-0.001509943520705992,0.015688013635013043,0.008307170328155644,0.018263413467947354,0.010692103912493423,0.009800670135556189,0.019104408518893168
2024-08-09,0.013735951230325671,0.003528395344397417,0.0024552612171107047,0.0024965427607985813,0.008526858898723955,0.008269197657513327,0.004632131790965888,0.008143158659781546
2024-08-12,0.007129895153485499,0.001707809869125665,0.017144665770273848,-0.004607230738613466,0.0018950627205809312,0.0019458995912775556,-0.007355456031422958,0.0012620157009719524
2024-08-13,0.017193158141945775,0.004011148624260885,-0.001532358906807807,-0.009319354648812062,0.008487359516282877,0.017698585030877734,0.008737123221902454,-0.009579685554023776
2024-08-14,0.002033535319720725,0.0017978853265614436,-0.008155751250824572,0.0005681670150488038,0.01106087905297537,0.006883881757579369,0.0026312490850013415,0.00924820574761176
2024-08-15,0.013530703307012004,-0.0041876696640769095,0.0031388449312386157,0.00384922379578434,0.006230946342499433,0.011823780253562122,-0.0007654226674642661,0.006186529785215056
2024-08-16,0.00591846921354322,0.002403074209089029,0.02238773852658915,0.0018855566856701422,0.011439418119536082,-0.006080254392118456,-0.0005471242618222405,-0.004716651363960489
2024-08-19,-0.0007077954338955417,0.0010987386983516423,-0.0016380226467286318,0.0015058055965342376,0.006916851175378991,0.007312358645097161,0.008321384445140634,0.0030464354116759296
2024-08-20,0.002744624508045135,0.0029930541079528084,0.0036699887797402297,0.0033201800789792735,-0.00431658413988234,0.0077573881806469736,-0.0011944975443254346,-0.03332484317381501
2024-08-21,-0.000485591567612742,0.0018898648436236343,-0.0013336178629832496,0.007929556891401957,0.00037300428275277575,-0.0015536198618990582,0.00532734659936529,-0.0063711858609004635
2024-08-22,-0.008259812005416589,-0.004070766280252269,-0.011975011209935604,0.005699146307879266,0.009459335959510318,-0.020252842840009944,0.00291967935699744,0.00772958023282766
2024-08-23,0.010288236250370453,0.004585849789233043,0.011553425520716143,0.010963867989355336,0.007755275371871484,0.002984031031554979,0.021997113234751398,0.013858547604146398
2024-08-26,0.001498852596203415,-0.0008931047042312068,0.0031893380775307456,0.002924443715530689,0.0039393214092309226,-0.007917610464453606,-0.0004220655533646589,0.02140650149908918
2024-08-27,0.003741557237633808,0.0002979676844176993,0.002706671669018279,-0.002570734737238789,0.004608265593579297,0.0008465024924755316,0.001477768738946228,-0.009510987541692884
2024-08-28,-0.006753503508516889,-0.0008934782899832072,-0.007026862307456638,0.005952714686913829,0.005041325368091876,-0.007829246219499875,-0.003899654271017794,-0.009857247325159135
2024-08-29,0.01457018341346239,-0.0012921216509017563,0.005177980359189593,0.0018911673547614694,0.004157467444601437,0.006137432173440649,-0.00306846312045439,0.013817365610715227
2024-08-30,-0.003437948118565015,-0.002388327825055603,-0.0071260085162319076,0.009925137764411174,0.011655630503383474,0.009730845147709832,0.009658126981115789,-0.001608353749490532
2024-09-03,-0.027205180590111788,0.004222557318019238,-0.0043235765879541255,0.007837936146591007,-0.02001776247862941,-0.018458996318195586,-0.0005254727278140026,-0.02094295161750004
2024-09-04,-0.008618739120429764,0.004384276534916909,0.000607926500195255,0.001196480310562853,-0.004403161474778039,-0.0013188845524323423,0.00283970091546637,-0.012210934894183123
2024-09-05,0.006927807561240451,0.0025792565546929325,0.008332306942507639,-0.014161023189833144,-0.007750869137778449,-0.001247237290823433,-0.0032511183953004563,-0.0078029539278902105
2024-09-06,-0.00701511830929058,0.0012865073623851142,-0.007402630408956501,-0.003697275209562534,-0.023755813790149904,-0.016381369459719908,-0.000947049494658625,-0.004683217798965855
2024-09-09,0.0004075775688632266,0.0014823549520710522,0.004205876079289794,0.013566130297483436,0.020474406530653244,0.010007331137002806,0.011163869407753824,0.021040576600592553
2024-09-10,-0.0036213894446761596,0.003059004278994637,0.004404097525005923,0.004621518509473788,-0.05188877651286261,0.02090118756558068,0.014477544988895641,-0.03643165685996608
2024-09-11,0.011585211485617641,-0.0002950667500472015,-0.001590555949419148,-0.015294574354703272,0.008124108352357995,0.021342374334783587,-0.0019507189641376765,-0.009926006496545181
2024-09-12,0.0004939878409453424,-0.0008856963908243642,0.017567284525531468,-0.0010920918102576005,-0.003039985293322167,0.009360790994615842,0.004217699672228292,0.01376235826095984
2024-09-13,-0.0012120983573706834,0.002068300217674901,0.009943683944142245,0.00534511215531519,-0.011035792853722137,0.008407527423238692,0.010448658198671357,-0.0007191696777766321
2024-09-16,-0.027775263000879846,0.0023589933189356316,-8.374817448153493e-05,0.008880982838918694,0.01732565694672883,0.0017417339578498225,0.003345456551079762,0.014034932747398754
2024-09-17,0.0021726907533756723,-0.000980633158241817,-0.0055309113549146804,0.00047909824258951517,0.0066871709841809235,0.008832955171519385,-0.0069717513192585345,0.013042369165825685
2024-09-18,0.01798980365419145,-0.003140794018029025,-0.007710465405288858,-0.005506661405615287,-0.00821976883173825,-0.009973543644507643,-0.0012209413834166627,0.003503290947205473
2024-09-19,0.03706556062944655,9.839050832405327e-05,0.01554075728197235,-0.008004861658879925,0.014214788728670547,0.01829114326068626,0.0002036846462856179,0.012393058667344858
2024-09-20,-0.002927445291917685,-0.0008859757580552685,0.012710660066880486,-0.004004336637611128,0.0028980785640058127,-0.007796043672366748,-0.003972304855206721,-0.006293193939206798
2024-09-23,-0.007580997895006991,-0.00039426426634547873,0.0019404068737312041,-0.00572613922343479,0.0016580390459468575,-0.00404333088807407,0.009919233191894472,0.018131400429203026
2024-09-24,0.00397388944725785,0.001380116271090026,0.01396907347432852,-0.0026956623114522404,0.0007094225220594108,-0.01001141537532968,0.0014176975150355098,-0.00264141584307942
2024-09-25,-0.004398090573885738,-0.0038393724547641783,-0.001381767735031958,-0.013392233329139969,-0.006616558222022562,0.006850500600003473,-0.006673564989375436,-0.019478932790296666
2024-09-26,0.005080228371224571,0.00019773643282383624,0.005086884066794806,0.004918931929420722,-0.0019506547667750285,-0.0018514471920227926,-0.009059396216162807,-0.01716459931830372
2024-09-27,0.001186658354039194,0.0028651572075104603,-0.007935830791900744,6.187987749339818e-05,0.003432293511614004,-0.007627968104309102,0.0012741084528216096,0.026772871756359118
2024-09-30,0.02287195571739664,-0.0022659658729502485,-0.007999374253898295,0.0040892846006423955,0.0017102765845826706,0.005326902881699569,0.007862613082724401,0.012087828982259019
2024-10-01,-0.029141498044298553,0.0026446684053726965,0.010491249392624136,-0.00043185434640546916,-0.018116388124578386,-0.022333187233556706,-0.006466884691684216,0.023118916582597793
2024-10-02,0.002519750310106428,-0.002074565901962533,0.00020358719772617384,-0.0050620649202994805,0.0012074479837980157,-0.008462300864414019,-0.0035127346672992887,0.01325766052397448
2024-10-03,-0.0048946807787199065,-0.004058512618331123,-0.0006920058878576718,-0.004157084102715758,-0.009937747649578998,-0.0014143491723536128,-0.009123896354603755,0.008722904896663719
2024-10-04,0.00500726954838715,-0.006460639411729363,-0.001996030315693287,-0.0013085479004789624,0.03549370739028723,-0.0011524655958053964,-0.004813113505316879,0.01835536577848762
2024-10-07,-0.022530757448490535,-0.0034014536578421684,-0.0033877625757333663,-0.004741434207195416,-0.0013730162471375928,-0.01567079122808146,-0.00883201618169982,0.004325945387836816
2024-10-08,0.018404061633705115,0.0017065713267034877,-0.007371925565205384,0.001003102815520629,-0.0008533683190705688,0.01262398076608906,0.002015487983237918,-0.026561443231441273
2024-10-09,0.016698397510348073,-0.0026054914029911558,-0.005446185963701722,0.0060115992378968475,0.012669132793405646,0.0066310264779165795,0.0010587157630808086,0.000409578076930206
2024-10-10,-0.0021783227335696598,-0.0006027092029702308,0.007342892553628744,-0.0008714854149247664,-0.0027177254045996913,-0.0038806410301356342,-0.008883303565982326,0.008600272944577547
2024-10-11,-0.00650532801725201,0.00030149647027455373,0.010913408354139564,0.0059187671268232656,0.044399497376336194,0.0011543318461537666,0.011310320120027084,0.0038167848271022375
2024-10-14,0.01647985820184883,-0.0009044559401774066,-0.001629502157067031,0.0008670157623797969,-0.0036438384971260174,0.006773695656653311,0.006013928366582766,0.003802400277966189
2024-10-15,0.011024600855128686,0.004023629377688742,0.003468359323146597,0.015470335332263163,0.004108761091252466,-0.0009544428319846476,0.012060796238211102,-0.030061299467153635
2024-10-16,-0.00885175735211119,0.001302564178364607,0.005001609209081437,0.0010966913135039835,0.0056207710830238344,-0.006256835107004033,0.010984406884451792,0.002575857576982088
2024-10-17,0.0015962757666092564,-0.004903082785821522,0.00598831083503093,0.0011567606253410911,0.0034877204829411035,0.001441943860023498,-0.007892547116844062,-0.0025692395817383806
2024-10-18,0.012276521799192697,0.0007039258180545627,0.010618185005034864,0.003951944931936957,0.004233095477451876,0.003455534798867399,0.007438843136978512,-0.0028251341166900534
2024-10-21,0.00629787506078916,-0.006933247172509205,-0.00019900127714245208,-0.013868703035196606,-0.010516005380931448,0.0014827028176058743,-0.0195877859750766,0.0005834248838980649
2024-10-22,-0.002621715489902532,0.00020208526633891388,0.01078732362833379,0.003807654255706616,0.0050223710653067855,0.02084634085170345,0.0014643612886777735,0.005163100778194485
2024-10-23,-0.02162310808284773,-0.0025287650535341655,-0.012050555849465017,0.014744662255324226,-0.0031678085465617345,-0.006806905681150166,0.007311597563889105,-0.00356260311376555
2024-10-24,-0.0008232230204299196,0.001926862407077845,0.007693259346016168,-0.013203943613282032,0.007027328515280651,0.00030616345116585286,0.0021775331623599126,-0.0056538955897997845
2024-10-25,0.0036431302743360483,-0.002024481167989589,0.0020569789010425055,-0.017046504465660584,-0.011867739879620198,0.00805206660419322,-0.009415556617416554,-0.0008362023667898288
2024-10-28,0.008599422659782086,-0.0016228704049645604,3.945407605776552e-05,0.004475447652468212,0.014349402451090176,-0.003643499227113711,0.0031336010050990737,-0.004937656741359597
2024-10-29,0.0011568287509875486,0.0011177586228015013,0.010894858433216914,-0.009344098136765733,-0.01152998018036333,0.012564850837218255,-0.0071845037633370135,-0.013624891984266863
2024-10-30,-0.015277975775801034,-0.0010149291742996835,0.005505891218995584,0.0032481141632771937,0.006774343979220276,0.0013426183891598331,0.004404768402890502,-0.005030633526978745
2024-10-31,-0.018209488262373785,-0.00020312760103646799,-0.015495166963743978,-0.004669610722254802,-0.011095776110315314,-0.06052746999650971,-0.016915514136343957,0.0007712176479310884
2024-11-01,-0.013279609691562944,-0.003975211302475246,-0.0041023758773532926,0.0016889150514158846,0.004596322703111166,0.009892813727058414,-0.011046139328673377,-0.015670514390395573
2024-11-04,-0.004037561216745256,0.00419554188174831,0.0014259144001700363,-0.011802865468640622,-0.01417430887121962,-0.004654298460410211,0.010954791407949305,0.031839977608088654
2024-11-05,0.006486217676457073,0.002343822264965878,0.002254447895034817,0.0006951244629160858,0.007780550254999685,0.007344624432861879,0.013279456482243823,0.0029508231466262025
2024-11-06,-0.0032669737018221623,-0.007828368025017296,-0.030386729020158154,-0.002968068371116628,0.11544547076366718,0.02119284398523935,-0.02128325381036078,0.017148602861613682
2024-11-07,0.021372178566067213,0.007582825958944994,0.016076503855530166,-0.007284071193871533,-0.0432284285306771,0.012494639013231668,0.011997846681989888,0.0012397526531431335
2024-11-08,-0.0011882147854568315,0.0017288211369692608,-0.006769426092267161,-0.00803933979924465,0.0025382556041719795,-0.006793065151575073,0.014925429540710411,-0.00033017395142853623
2024-11-11,-0.012028591561573432,-0.0022333942326525635,-0.02347155656813127,-0.0027659032088894753,0.00974766725008025,-0.010720883022434347,-0.005006241252007104,-0.005284528036359815
2024-11-12,0.0,-0.0057999676103510645,-0.008631355179477884,-0.015479653459124831,0.0011283441308946873,0.012009237025924824,-0.013836431959475815,-0.0009960473737691267
2024-11-13,0.003969089994608321,-0.00020456708975158389,-0.010081225320474285,0.003930785969374684,0.006678918679137169,0.005129754187831015,0.0055270516881373855,0.009306192778061328
2024-11-14,0.01377050629962362,-0.00040954164034867624,-0.0026091417886487944,-0.008940341257186235,0.0029440404873570802,0.003974580617207124,-0.008985220881647993,0.0006640099327503979
2024-11-15,-0.014109230051908561,0.0001025892988431032,-0.0017720694429753658,0.014025197872898687,0.014222558420325937,-0.027852657612518872,0.0005334092050028882,-0.010368278694170008
2024-11-18,0.013422181151737211,0.0009214278155911249,0.019020246289590537,0.005000147803239763,-0.001141433232348943,0.0018313172889450335,0.007249499629823797,0.008381551229042827
2024-11-19,0.0011403123448481267,0.0014322732984848319,0.008959325127211537,-0.011436486777376409,-0.007917384587159848,0.004882671382697268,0.004868725215090963,-0.01396397679283301
2024-11-20,0.003154020989376116,-0.001021519928281145,0.005632045702723465,0.0007190343442884384,-0.009502662379988425,-0.005505246122902818,-0.0012639520458682663,0.01424600171225121
2024-11-21,-0.0020960696120325695,-0.000511322676303605,0.008339500390982302,0.015609653116647637,0.016529666352826045,-0.004316702537436434,0.007382286962684503,0.01338094565329584
2024-11-22,0.005907536598783958,0.0007160076365519963,0.012892210445830665,-0.002122118934084205,0.015484590466504189,0.010003128207220602,0.0075377477109170865,-0.0011481825565894388
2024-11-25,0.01305088708833968,0.008997246745490628,-0.029458856541118794,0.003931157588611178,0.007000557509384331,0.004292552611805611,0.01392357593458815,-0.014943788656886725
2024-11-26,0.009404379438592514,-0.001519818813882745,0.0019383092584315254,-0.00012943003361232108,-0.0012785307622769082,0.021968040983836534,0.003996768566635334,-0.016670752539313716
2024-11-27,-0.0005530800860615859,0.002739837922210109,0.002222714763140843,0.005695051886418945,-0.000720152655158568,-0.01168254200413188,0.006430417425236756,-0.002627808833337797
2024-11-29,0.010215808215261912,0.003947050342856251,0.008624546377060671,-0.002509717134425493,-0.0002801468341193658,0.001111152219221312,-0.00446235311498111,0.002549700194814486
2024-12-02,0.00952264260106972,0.00012131111974222897,-0.008754403389975018,-0.0013546932236809806,-0.013895520313123577,0.01775855795900716,-0.014568037560707237,-0.0009325766987835493
2024-12-03,0.012771833107112718,-0.0019210577174040289,0.002012776164397767,-0.01576222692345397,-0.005807186965730127,0.0005104243257312291,-0.0050657596494634305,-0.0015273139095144384
2024-12-04,0.0014836497506194313,0.0032419410604080934,0.003033679807253664,-0.012404810334514571,-0.005800246666256781,0.014424851195665056,-0.002701502000488243,-0.028809344326078068
2024-12-05,0.00012338080028384546,0.00020168301049849902,-0.007397709454119217,-0.00631359589476066,0.008545665278665515,0.0118878581196038,-0.002396359121238034,0.004375162650074538
2024-12-06,-0.0008229202409396619,0.0028268919586162955,0.0003705687954560499,-0.00140453856482059,0.00765849269483998,0.0021463465901894185,-0.0014621500267347765,-0.010541870016529398
2024-12-09,0.01610118003224148,-0.0029194601315788438,0.009919751769426055,0.0019422641621595904,-0.014351560249497797,0.0055232375340796835,0.0028240254261866493,-0.005899430485757473
2024-12-10,0.004133784664764217,-0.0012117268675643222,0.01316431251835759,-0.0024733150841300677,-0.0038965050326581485,-0.006031036691885205,-0.014497412683498356,-0.0020372943980342395
2024-12-11,-0.005166060007357087,-0.0023250417997576767,0.009533812345188464,-0.01735560919768442,0.0027588631687276433,0.012767059886352516,-0.00232826730110669,-0.006656523075278642
2024-12-12,0.00596372191861172,-0.004053227775252299,-0.014663722649505995,-0.002727737640168648,-0.008212549258979851,0.001269468920496175,-0.0015911481464462307,-0.0008935119292319271
2024-12-13,0.0006855505870995149,-0.0037643597256571404,-0.012091578404740733,0.0025983157323337114,-0.0065830256874253035,-0.005093893948116213,-0.002868647939658131,-0.008764163722443041
2024-12-16,0.011727714118647148,0.0009193912345359934,0.002415209844427002,-0.01889235129471456,-0.0015004481212836929,0.00965858443532941,-0.0035162589993498194,-0.021382160923638316
2024-12-17,0.009719555250836232,0.0,-0.0038386247250202787,0.01779635378051525,-0.005092214770024306,0.006355307558358447,-0.004811810522288296,-0.004240709451766911
2024-12-18,-0.021421768297346322,-0.007615928124643179,-0.01918507783771317,-0.011338049755967639,-0.03352068190714563,-0.037560929465402015,-0.04125921851791736,-0.014720870773425543
2024-12-19,0.007014698277349574,-0.0025784923157784467,0.0014210967336203417,-0.00808289392475603,0.011242746230779366,-0.0008231332071284569,-0.015465644029133752,-0.008551079734066325
2024-12-20,0.018815889575554134,0.0026886651959021624,0.010434056495473909,0.00619863831085854,0.01991763102030708,-0.0009838973780921245,0.016846782253842507,0.0034120326281099622
2024-12-23,0.0030649377249687415,-0.003094049628442619,-0.004708795377563968,0.005537527388830066,0.0033249045581884573,-0.003092071407416408,0.0039108871232038656,0.004061645592279062
2024-12-24,0.011478088022709665,0.001138073643329518,0.001992014086009908,0.003992557896177251,0.016443607918763092,0.009373864724391945,0.006642619565205843,0.0009406774278943875
2024-12-26,0.003175629272296643,0.0007232946840074472,0.006751179863859091,-0.0018513058247080494,0.003425347053755967,-0.002776921587062553,0.0026842833509221897,0.0008458361545067294
2024-12-27,-0.013242143728976585,-0.0020651205400028516,-0.0068705038771271765,-0.003640566316517768,-0.00810229362795678,-0.01730158602307752,-0.010039092824883245,-9.380419603688406e-05
2024-12-30,-0.013263480512421766,0.003931889415742296,-0.0031896811646235923,-0.01178910167689462,-0.007670921548855736,-0.013239503536257469,-0.004957739026636321,-0.006761825739340699
2024-12-31,-0.007057864764119737,-0.0012367735959324389,0.006233636577161361,0.00892989132638844,0.0016296043288916984,-0.007838492471588854,0.008719337902639346,0.017114136974630156
2025-01-02,-0.026235837028114717,0.00010329343914783351,0.013587714119632333,-0.004148810874474607,0.0012097655923970496,-0.006927591205506678,-0.008868465111683932,-0.002417046504747389
2025-01-03,-0.002009429038061228,-0.0010319359406855133,-0.007864039973028869,0.0011805166149032598,0.013666733690057109,0.011395731112941121,0.013138484484096269,0.005125360010398872
2025-01-06,0.006738933800222391,-0.0010328396256586991,-0.0012320959587239777,-0.003675769335476531,-0.004875397471070131,0.010629489763471556,-0.012856275188768085,-0.0011125158101334964
2025-01-07,-0.011387714496238432,-0.0035157891247912243,0.005633435188264313,0.017889287888625427,0.009632446901151726,-0.012808275419088577,-0.009513138330950133,0.009374346158422586
2025-01-08,0.002022971646596483,0.00114141682429314,0.005315681488123669,-0.027080505011472855,-0.0001644075765182551,0.0051850455353357194,0.0026298494334606737,-0.01673559741702013
2025-01-10,-0.024103742475309553,-0.005597078581325299,0.009558310004399662,-0.0014761130874630934,-0.013408593675381941,-0.013213688538304735,-0.02440417485769608,-0.003647196255000651
2025-01-13,-0.010344148734474867,-0.0009379605507909838,-0.009951255605703757,0.01696469988539051,0.018093228239188353,-0.004200941161408345,0.012273558021115738,0.025811864414263974
2025-01-14,-0.00477817804434344,0.00031286508269112723,0.005249423200524461,0.001938107544741774,0.01334910527453359,-0.0036434112803426233,0.009122435281994079,0.003934473133146543
2025-01-15,0.01967584949558754,0.008656859361433789,0.007488993695735191,0.0015199148355411474,0.019719603084763282,0.025597213691769927,0.005721408155169083,0.016314228628308225
2025-01-16,-0.040400149273495556,0.0021711488550573144,0.006910965874952435,0.01931433730677412,0.0076084767093334005,-0.004058162874417404,0.020707789652193664,-0.0017038725481958172
2025-01-17,0.007535254651194867,0.0,-0.005307269747253374,-0.005007783717041359,0.019231498473968323,0.01048103848588311,-0.000668848570528846,0.008983067357896779
2025-01-21,-0.03191584279123816,0.003301790207110189,0.01548521901629396,0.0076174491365856856,0.014932777736638148,-0.0012353353987103466,0.018739593193057624,-0.00756759533979201
2025-01-22,0.005345022645830477,-0.0023651801274453543,0.005135652699768123,-0.019439706111303523,-0.0007221927218485913,0.04130695321717659,-0.01740948974511214,-0.017403855487450604
2025-01-23,-0.00075945639860997,-0.0016494441599131937,-0.0014148699521492336,0.00943074532050181,0.011832255650609413,0.001142823268619031,0.007354612584510756,0.005660669375674887
2025-01-24,-0.0039346339600490055,0.0016521693209508026,0.006218705580030903,0.0012274126709950206,-0.00417366659093088,-0.005932146748282463,0.003429109357296234,-0.013527002717985681
2025-01-27,0.0317802621637584,0.005566337506709651,-0.0104048052682425,0.04134315578173986,0.003813507585281428,-0.021393586263702802,0.013339258543151988,0.013896497679358966
2025-01-28,0.03654397781653196,-0.00030749336690583107,0.008656417783572623,-0.016417032675233423,0.004852450359732474,0.029086960709354015,-0.012075690283078644,-0.01933374569357904
2025-01-29,0.004616767012398215,-0.0006151758963192089,-0.0038404097330004827,0.00512028045262225,-0.0020963384929202356,-0.010890113600675266,-0.013214415077346997,0.005831122144838163
2025-01-30,-0.007394758446996441,0.0014363477396426294,0.01514551884715587,0.011379493051229872,0.00618953155061952,-0.061808973518596044,0.012721866924917391,0.008282036440816043
2025-01-31,-0.006692095667732989,-0.0020491202853570867,0.0019763991077348386,-0.0047098718914845294,-0.003467216329355649,0.00016873607437517535,-0.0022039162395801615,-0.02500683576328233
2025-02-03,-0.03385603719127683,0.0009476152972276441,0.005337271410283728,-0.0018403813499395794,-0.001833183863992005,-0.009974523081263342,-0.002098314631605147,0.002433642185753815
2025-02-04,0.021007919138235298,0.001852498923378132,0.00984841707528572,0.010667119404444092,0.004235279736113151,0.0035286715202140773,0.0007747391723047503,0.026799962864266336
2025-02-05,-0.0014174351429195875,0.005341544502440954,0.006209542410714253,0.00781811221788753,0.009293060665301,0.002231094445473092,0.014043996040062678,-0.0007275365340567719
2025-02-06,0.0032261479166786344,-0.0010217161486917314,-0.0026502562908058414,-0.007628259989380881,0.023924949624926972,0.006121535749719742,0.0025080795569107917,-0.013196244996462436
2025-02-07,-0.02396882780573384,-0.003170639563683908,0.0017841598670260694,-0.0025405149375499203,-0.003972677971908811,-0.014597677772654749,-0.0032633128857009197,0.004242418325962838
2025-02-10,0.0011874050171847284,0.00030772392680478156,0.016938239196991,0.00731468707602545,-0.017258644385525046,0.006028092054758183,-0.00043649862584405064,0.01910182578338193
2025-02-11,0.021831854672898388,-0.00225669758300584,-0.0036516022155236305,0.01225350839831263,0.014573258928341604,-0.0018922408300013904,0.004367235575227779,0.006308057648596765
2025-02-12,0.018270080537830635,-0.005243055541579444,0.0010471549570203464,-0.005572269048694789,0.0016728961510084073,-0.005833139673464105,-0.0092400222435014,-0.03008679601812314
2025-02-13,0.01967330050413918,0.005994095894851892,0.009862831092105617,0.012817157877319296,0.0031584269478279747,0.003667168660576481,0.009984636964107452,0.007265940562464879
2025-02-14,0.01271062034444026,0.0036985272338416753,-0.014871773334245608,-0.006995176555863347,0.000977161747365729,-0.005139673873924888,-0.004562835211658234,0.0010173209035477804
2025-02-18,-0.0005314876576546501,-0.003992026846476704,0.01656090548123368,0.0005163851200225,0.012148065250005224,0.002962669121909123,0.004474582573534169,0.017553584998210914
2025-02-19,0.001636168138018812,0.0014387954288792582,0.000554096378723612,0.01871089976476603,-0.0025005448727035695,0.012523175564088218,0.0007605124973171229,0.0014527285352108343
2025-02-20,0.003920451581851392,0.0015391795317325485,0.0005168326664386491,0.011336929815190633,-0.044583727885247226,0.005290632252489713,0.004776975245481596,0.015412488911967115
2025-02-21,-0.0011389815035128814,0.0043034003987614255,-0.0009225433005247696,0.0164078828515708,-0.00959515936638089,-0.01903259855834627,-0.00983260568083466,-0.01169637793772027
2025-02-24,0.006312374747486027,0.0017343393193736123,0.005429568123388684,0.008872470840043167,-0.010975002211684903,-0.010313283020000341,0.003928401803117154,0.005239754651535478
2025-02-25,-0.00024284399473972762,0.006212316414323071,-0.013188334192659745,0.014351941489046949,-0.015076088084822414,-0.015099005285345468,0.012282646582957302,-0.013840155713974123
2025-02-26,-0.027040185366615344,0.001619596010063562,0.0015263333689308212,-0.018122570403236504,0.005400255086155159,0.004599197961077106,-0.004187778315808299,-0.0024606436186475067
2025-02-27,-0.012730873159711109,-0.001515930924254949,-0.015239958822878874,0.00398572106492745,0.0010044772887438658,-0.018012252149772423,0.003989667720591283,0.006303736157662332
2025-02-28,0.019131905122169668,0.004453180739797169,-0.006265820058134697,0.007878820013861754,0.02161758609167208,0.011362185077120612,0.00848470414723268,0.010712626732688246
2025-03-03,-0.015754251313333967,0.0021627141826301433,0.013180390342641513,0.013695276481461294,-0.015227612299613669,-0.02141109532909491,0.00468574488021245,-0.032066762493989875
2025-03-04,-0.0088223823459046,-0.0025212116364485837,0.008697635934455272,-0.011119066687895307,-0.03978978255570653,0.00030884785246687585,-0.0115539459705285,-0.002041627714558958
2025-03-05,-0.0008052953828132647,-0.0034374356018503915,0.0020813110966888537,-0.001813599257916243,0.005114862171093693,0.031934369842304466,0.011152897833850428,-0.019527568751062763
2025-03-06,-0.0017391944176556873,-0.0010146002327775516,-0.005081207410422395,0.004299914506820102,-0.01983856815752627,-0.010298651028757821,-0.025665584370939687,0.020675268224088272
2025-03-07,0.01589256603004152,-0.0012185824186565775,0.0005219558189655249,0.005186062071390385,-0.017279153320984286,-0.009020185329573605,0.005986732776126047,0.013008604910382138
2025-03-10,-0.04847955156408401,0.004778915147288565,-0.008755937163287819,0.006059103368024399,-0.04152218294818699,-0.03343421121068091,-0.009629968525307953,0.025500052749684254
2025-03-11,-0.02918934700724396,-0.003541919441318986,0.011727541035094546,-0.010971969110241675,-0.013263260640524521,0.0007629382927840656,-0.011690168050994765,-0.023613592647645176
2025-03-12,-0.01747876781169988,-0.0029449405442610876,0.004346793335703092,-0.018147794216887836,-0.005411605238578865,0.007412189930887214,-0.0030952703594832043,-0.00027487202005738176
2025-03-13,-0.03364361039356367,0.003055652957972166,0.017756144523255468,0.0008597091877313723,-0.01189117573397247,-0.011741132107372043,-0.019738251742895674,-0.00421522222687476
2025-03-14,0.018170583894774106,-0.0020309755277793107,0.00039975774946587883,-0.0011044588674674616,0.03219500845164669,0.02584687598082147,0.02002262771244112,0.02972306684965398
2025-03-17,0.002388816946306438,0.0013228485104928023,0.0054135329342379634,0.00018434348676188428,0.006410241019940477,0.000360336389624738,0.017078780933624138,0.016622063230969486
2025-03-18,-0.006121528964846634,0.001016091110428441,0.011671955843306048,0.008658834147144967,0.004445825145544591,-0.013326462200840217,-0.005233842711566683,-0.0010549608435532765
2025-03-19,0.011989299247109786,0.0029438237471512974,0.004107707999658539,-0.007671243375309333,0.017619285625504633,0.011211901529332602,0.0012056772774535762,0.015575584104919438
2025-03-20,-0.005296369796450651,0.0006073746198476115,-0.0012805854303336028,0.00018404477338518355,-0.0004182247987791765,-0.002526930712145825,-0.000656912768075224,0.004245703776980747
2025-03-21,0.0194768206351692,-0.001213932914433169,-0.008049901213267985,0.0037418404000653105,0.01096193165146686,0.011425921464878863,-0.01106484141346642,-0.003451293427060187
2025-03-24,0.011270452024841005,-0.003848463650491185,-0.004452548665506595,-0.002077872074060627,0.026610925496824978,0.004651577438902432,0.015398375682239562,0.002597434579185487
2025-03-25,0.013681912241200633,0.0009150977396610305,0.004400365088198743,-0.013901609374716628,0.012376020758309236,0.005291630611742537,-0.011220428648767489,0.006822043222581398
2025-03-26,-0.009921878605060552,-0.002437818152753235,-0.0008259812019960622,0.004347206563797723,-0.00039820702518422735,-0.013133944989108914,0.0039014519879683185,0.014409486985469844
2025-03-27,0.010472673711788838,-0.0005091994115035137,0.013405732882559862,0.008718897933755132,-0.011592249191273218,0.0015641359750724337,-0.0025538673329355,-0.003213000555365886
2025-03-28,-0.02658029581236332,0.005806764954735977,0.007412123023167849,0.003555430282329519,-0.021239671961866158,-0.030160250366450647,-0.001335834024787097,-0.001357095479481818
2025-03-31,0.019412618437147255,0.0019245454822915953,0.014363222998346137,0.013010750753537526,0.010088546629981598,-0.009002025799393687,0.00925202214582721,0.01019274077877208
2025-04-01,0.004771943413171442,0.003702013702896023,-0.0019782303576065807,-0.07591647311832783,-0.006685717860747231,0.0181144074018722,0.00044181484100969115,0.0009249382699270114
2025-04-02,0.0031363286964034565,-0.0011115398864888215,0.0020516615880092903,0.01376829795427903,0.008864799387463096,-0.00013076780573539892,0.006071992172949292,-0.0031082632262600107
2025-04-03,-0.09245607048480542,0.005260599696715884,-0.006038278082531101,0.028707580619362183,-0.06968518639736443,-0.023630156307198336,-0.03412714690138563,-0.052582708606208395
2025-04-04,-0.07288742745362853,0.0009055611319537249,-0.02339226273628292,-0.04117131931047646,-0.07483825153858292,-0.035565904592512854,-0.043399142978001626,-0.07195592271268025
2025-04-07,-0.0367342786061855,-0.012668419667530628,-0.02148580630415131,-0.017097431637082217,0.019783152441421592,-0.005502406616742839,-0.026247016649674326,-0.013417689124618493
2025-04-08,-0.049818154997102404,-0.0051934454431903365,0.005443793790763651,-0.004116279306734305,0.011331759216443915,-0.009221474734242618,-0.026832590861141203,-0.021080228860357653
2025-04-09,0.15328847459654016,0.002252060127257538,0.03699125081478161,0.006466635385941499,0.08055518909809045,0.10133686604106673,0.05965662842978725,0.049915693189842125
2025-04-10,-0.042393726837042345,-0.007864379916280528,0.0244235794430141,-0.015102291035787196,-0.030852606405272764,-0.023406485069170535,-0.022826741300489006,-0.055482017017995267
2025-04-11,0.04059436926686022,-0.0010294377381205866,0.019086664805096243,0.020445156755307226,0.04002468513864166,0.018618040238158606,0.01222459269401388,0.03212242788712971
2025-04-14,0.02205407661995684,0.0058738899709445125,-0.005705977012200658,0.017333383465744978,-0.00626592744264487,-0.0016475946489872273,0.02068634807423808,0.0024239196642046323
2025-04-15,-0.001876367594633943,0.002048961768496893,0.005232379352138938,-0.004793883497573481,-0.006773904121678331,-0.0053633813244883255,0.0030460235765450427,-0.002804932809242766
2025-04-16,-0.038933417075920684,0.003169380858215609,0.0325408102664011,0.0018877159202488336,-0.015098942014685868,-0.036605968068710304,-0.0007008497860432339,0.010572299384664419
2025-04-17,0.013949665806890499,-0.002547889902291267,-0.004390692094044635,0.02313045601365671,0.010234770318884312,-0.0103065155380615,0.014960251264732438,0.026202048854311544
2025-04-21,-0.019392891310289984,-0.006028395717864954,0.03093558529908469,-0.0034928265087408317,-0.012803964810816137,-0.02354668619772804,-0.0208428758724426,-0.014683867827818164
2025-04-22,0.034065110587777614,0.0018503531859843658,-0.014195668551963636,0.005289365539911994,0.028822212550100534,0.021441395531364815,0.019404861359675785,0.028001948323399528
2025-04-23,0.02433168803229968,0.00246255432469078,-0.023978630729734163,-0.015023776656177379,0.022454267660646288,0.020636836410287573,0.001845868582520005,-0.008587262527435469
2025-04-24,0.018426088780694405,0.005527116446940372,0.014556277018207942,-0.002896179622999817,0.015609405593180137,0.03448262041249417,0.0036850248250814843,0.011735062935530394
2025-04-25,0.004367221263343435,0.0036644638328737766,-0.010841679678267213,-0.002258993573135304,-0.004455477002182628,0.0117480834781436,-0.0017210329303044558,-0.000552283190216607
2025-04-28,0.004109375580146679,0.0027383726091716465,0.01424210344049559,0.004981218512614571,-0.0013550176645720224,-0.001760842828736786,0.0062062569417906666,0.0005525883754875505
2025-04-29,0.005091821959763321,0.002427435458705496,-0.009738925467677184,0.0036047574056046194,0.005756123653057221,0.007362691718169723,0.005368240071718766,-0.002485417434521575
2025-04-30,0.006107664653832723,-0.0009080937951686519,-0.007482221012837353,0.0025655642257613742,0.0,0.0030961157495594804,0.003521985213087664,-0.025193863217761514
2025-05-01,0.0038588738658813515,-0.002725578857441402,-0.02077228754256477,-0.011835345347331883,0.009279753732374107,0.07625354383320349,0.0032831458604360986,0.0014200686108996052
2025-05-02,-0.037361741757710676,-0.004876523647712183,0.0017481999132260562,0.010747010467691442,0.022763110870288372,0.023225257389123177,0.012299703057047529,0.00406506125692907
2025-05-05,-0.03145849927117084,-0.0017354567803326004,0.029867754776654154,-0.007173956886153521,0.00019805398234029603,0.002044639585663255,-0.0022294259076561795,-0.02768104187222664
2025-05-06,-0.0019106906696092496,0.0024543906418426076,0.02802400275899264,-0.0034193652210710024,-0.013105820102915167,-0.006557060985279972,-0.007708592405917258,0.013944036325818532
2025-05-07,-0.011384763377168206,0.001530317471444942,-0.014993060801348546,0.018320763448274935,0.0005616929835725593,9.230058356446413e-05,0.0011258826470721406,-0.0009549561571442489
2025-05-08,0.006318533035958307,-0.005194939600936754,-0.0196942722998793,-0.010425941019305718,0.01635989305962493,0.011122677849317864,-0.003936113877628933,0.013956563566735136
2025-05-09,0.0052660880535218,0.001023813430253151,0.007254674259445482,-0.009250944211193324,-0.0015386176122815787,0.0012780152924320998,0.00666143102916994,0.011690375502237504
2025-05-12,0.06314616899655467,-0.0033755572180311777,-0.028190568373488878,-0.0005187960273151937,0.02754067399029414,0.024001129662010845,0.004934922616278481,0.017239839776728605
2025-05-13,0.010152280585241868,-0.0010263896120519256,0.004258992599597278,-0.03697935566303179,0.01138251958188663,-0.0002670709494630996,-0.012723258600063958,0.002748150665178084
2025-05-14,-0.0028178257737542234,-0.002876827739430765,-0.021037827999516923,-0.014012357560282629,0.00999965555596427,0.008460528771286668,-0.00983496289522734,-0.008952982288637723
2025-05-15,-0.004144470399044975,0.005667166713922311,0.015963953531585195,0.02220543966647681,0.006964165697890934,0.0022561216289509467,0.01826691216724119,0.010140529055196135
2025-05-16,-0.0008985774907133148,0.0006148882743715056,-0.012087047232674286,0.011496620646334943,0.0002617245273319746,0.0025158200042567636,0.012445392474353723,-0.0035918362831277584
2025-05-19,-0.01173908704907789,-0.0003073346241917463,0.012880671121226372,0.007665434766306989,-0.010016405327326283,0.010126108524079136,0.00022145147271257493,-0.015898003834891816
2025-05-20,-0.00919624836148425,-0.001741224448033707,0.0186222454642182,0.007672593709979747,0.0030201783792127568,-0.0015254229836257904,-0.005868068945289018,-0.014276349296651558
2025-05-21,-0.023059121838798324,-0.00656682382448559,0.007378683875855163,-0.003123817710209198,-0.017464567683463383,-0.012222561367165596,-0.02661761806538976,-0.01229149425779874
2025-05-22,-0.0036122485818445016,0.0028919014263895093,-0.008861493387459118,-0.0037211008216114783,-0.0014173302889515238,0.0050599524837939835,-0.004576611182586787,-0.006656386605572662
2025-05-23,-0.03024427887573744,0.0014418610966675516,0.021906288045034472,0.002162394649670718,0.00015331777538163394,-0.010288843235963574,0.0010343757850572732,0.0005826330917648725
2025-05-27,0.025298317070217013,0.00452489084766583,-0.016949152542372836,0.010617237949023473,0.017567500006796077,0.023346185665684027,0.017453242190360596,0.004755885401644955
2025-05-28,0.0010488254734115632,-0.001842677662813319,-0.0022660178699712707,-0.005350840152815284,-0.00678507325697808,-0.007228264612688884,-0.0010156695400520555,-0.013620510052608448
2025-05-29,-0.00234507522388816,0.003692317874062434,0.0059247154716217665,0.007544524421588594,0.0033396986178690913,0.0028861443683056986,0.009037586963577704,0.00568015867431737
2025-05-30,0.004501160816033689,0.0024525427120545285,-0.006576942326457891,0.010613431436298226,-0.001399477762966228,0.0036626247995799055,0.0,-0.0037977787426072274
2025-06-02,0.00423197959474253,-0.0026286140478466447,0.026581051258171673,0.0012240380877870383,0.0024999935804823625,0.003497336510424276,0.0013434612500946574,0.0073313268665125
2025-06-03,0.007783846649397574,-0.0007177608840848171,-0.008855551213511115,-0.006306277345838329,0.006083216973815864,0.0021646280560383424,-0.0020125751378486934,0.007278044416560547
2025-06-04,-0.002213746602105271,0.005951818603748382,0.006441974072654677,-0.007770998518065508,-0.007698850518846112,0.0019439176907138922,0.0028007882499692105,-0.014450840251133523
2025-06-05,-0.010797740805414291,-0.002550388164773265,-0.00504987891618125,0.0028717153990196476,-0.008591258859429574,0.008213496477298854,-0.0007819643685279543,-0.004594339318710561
2025-06-06,0.01639826694665114,-0.005113423271692841,-0.013416073696802311,0.008915778156473486,0.014430142755744058,0.005773218004487157,0.0048076396284331135,0.0239614192610893
2025-06-09,-0.012112562253018933,0.001233653103104304,0.004718534884218695,0.0012900041582333266,0.0038007756703972717,0.005038498867470098,0.0013352394334942286,0.0067133775855237054
2025-06-10,0.00605607184084711,0.0022587122324426723,0.000293510988597534,0.007859372563193023,0.006973106931947415,-0.003870966156736544,0.008556505625367805,0.02143469315340285
2025-06-11,-0.019193760456297837,0.00338043292346879,0.005412290790508978,-0.007606305786657774,-0.0016753650894021366,0.0036099435659899815,-0.005398877084299536,0.019492641898446683
2025-06-12,0.002112895022762018,0.0036753280063135385,0.0124202002480438,0.009017147549192472,0.00033554339989572135,0.01322416250280134,0.004874327379268628,0.003842304545836006
2025-06-13,-0.013805244367089187,-0.0035602010753257307,0.013100564311248064,0.0028086572104812912,-0.012264937068807713,-0.008165080510427192,-0.009701281374115966,0.021780738572049207
2025-06-16,0.010028031208825672,-0.0020415791842253173,-0.01425909653729851,-0.011966908284522959,0.02041878928686347,0.008800777142615956,0.000779265376139815,0.0032108532898764697
2025-06-17,-0.014010719296581597,0.0030686336348908494,0.0005131941200071655,-0.018296607127384346,-0.0031068986256361786,-0.0022958026862665015,-0.003559507988128763,0.013513470032118002
2025-06-18,0.004804743182752258,0.0007138871145504488,-0.005385627565021256,-0.010828246302633127,0.016473751489550992,0.0046021071052808615,0.0034606510594548112,-0.007105229935302493
2025-06-20,0.02248450514132916,0.0009172450979890723,-0.00041901914110908933,-0.0062363212404481505,0.003796147839549846,-0.005913685323681417,-0.0006675576665126082,0.013340333233146762
2025-06-23,0.00248757334336136,0.0020361746831993877,0.0030631724583116693,0.010214356804907343,0.01189083305190164,0.01801422469496128,0.015028479119021387,-0.02580644121780007
2025-06-24,-0.005955331300461331,0.004064231285281439,-0.015719378751237634,0.005749418948185703,0.010745092836933257,0.008456762142235563,0.002632111418088501,-0.03042776991590146
2025-06-25,0.0062905831155934955,-0.00010114365864855035,0.003037305817845004,0.0005913395967862556,0.00995512262971765,0.004407191762580975,-0.02406480170947789,0.0002769126429456037
2025-06-26,-0.0027783626191049127,0.0027324849653871386,-0.0011070472235482631,-0.0017730713004598941,0.01651069448381226,0.010522701831922499,-0.0009280866246729191,0.014948787830017407
2025-06-27,0.00039801477495893245,-0.002825995097926026,-0.018123728993798327,0.0026314679848005174,-0.005679748778044003,-0.003035451888013796,0.0024923505265934676,-0.00554597431168713
2025-06-30,0.020340134193924886,0.00404859946749947,0.01198454729743359,0.002230836964242311,0.009752390445922243,0.002964074054145005,0.006441387542629462,-0.014445023213455865
2025-07-01,0.012916154224275056,-0.0009204426478202077,0.008923010663382636,0.020752829558525754,0.0017247203108854414,-0.010775866174716486,0.00729847088511959,0.013358031723459174
2025-07-02,0.022230770203315764,-0.0012146342011289946,0.005527596405484614,-0.0023088716428645295,0.005475076206596929,-0.001950980777077449,0.002340901145200025,0.01656908892920317
2025-07-03,0.005225041050401336,-0.00202693031025325,-0.006822911403597365,0.002892743882586757,0.01858212743145793,0.01578120791675297,0.0011120829357069706,0.010355618579397818
2025-07-07,-0.016857939297312052,-0.0035544106766909334,0.000748780548875283,-0.004743259724776072,-0.0136148522647217,-0.0022452133265176144,-0.008553603379755637,-0.009714775386096997
2025-07-08,0.0002858039892503772,-0.0004076426998778082,-0.010443411868664265,0.003348965137104587,-0.03147584325317632,-0.0022100998850178577,-0.001456569327884516,0.027720291873230662
2025-07-09,0.005380715910463962,0.004180218398931679,0.004471282664348264,0.0031452944701659824,0.0013438447906981565,0.013873849785578818,0.0007854373281854787,-0.0034153069490767685
2025-07-10,0.006014939675876629,-0.00030456392126243514,0.0022257895319868215,0.009022224796915834,0.017763852932114466,-0.004031705316035028,0.006278739920301923,0.009929644296857498
2025-07-11,-0.005884835805047839,-0.004164085145172081,0.009601575193336043,-0.005009811319136248,-0.004615161484364139,0.0036691290886827765,0.00011139318895003747,0.004350488636013505
2025-07-14,-0.012028812490351148,-0.00010200307156549293,-0.0036553174266280575,-0.0005098125694269484,0.006414449578479475,-0.000596086828139053,0.006461629921305834,-0.013081521788438133
2025-07-15,0.0023488240612374867,-0.0029579978762648285,-0.004155705135267751,-0.010521668823497476,-0.007447246501936622,0.00556639023300276,-0.014722119106646447,-0.008865856819001205
2025-07-16,0.0050212956703405975,0.0014322681420368966,0.004988096125243757,0.06193208957752061,-0.002547558437330566,-0.00039540699393569856,0.009437155805877007,-0.006022480143076825
2025-07-17,-0.0006661853268702389,0.0004086791744113416,-0.0021735334020257513,-0.010923726816720492,0.014274761395282276,0.012024873520068091,-0.0011129493105295207,-0.00507883961599187
2025-07-18,0.005523241182089356,0.0018379902835146122,0.002600924347578637,0.0044177112856575995,0.004725665662063339,-0.0032245775907299157,0.002116985504639457,-0.03483794806092755
2025-07-21,0.0061558702516160135,0.0027519274094325308,0.015370115792427752,0.004031804485792101,-0.0010298840080238403,1.9597398712045688e-05,0.004113783181865838,0.002598139945583444
2025-07-22,0.009036182474420285,0.0019314009611892669,0.009484882235462067,0.02172064009298036,0.0015808818686022796,-0.009391045243034468,0.01716314617765624,0.004534926804258932
2025-07-23,-0.0011660856188711044,-0.0022319945430926413,-0.01240118112003663,0.006967243274947688,0.018289186736291096,0.0011875122281272965,0.0019595244585461913,0.012806312871610714
2025-07-24,-0.0018211487803653226,-0.0006099949067853716,-0.006118276977772341,0.0027202024617440923,-0.0007077472124121797,0.009903715255829226,-0.003476730400587158,0.007823183431771907
2025-07-25,0.0005614197975087887,0.0016276720714660797,-0.0092499926477293,-0.007430937731528475,0.006980316607439141,0.005539566378135463,0.00010900063964403017,-0.0035201877173965945
2025-07-28,0.0007948746335069146,-0.001320417643616012,-0.00647361832754334,-0.012358918437093025,-0.0011385485298224252,-0.0023555209851178205,-0.01602529412480891,0.00942035182128853
2025-07-29,-0.012987651582609505,0.005390611879314555,0.002750389076383808,0.01137051926490229,-0.004157092554039066,0.00013658563818119696,0.01606467376055498,0.012921644469660931
2025-07-30,-0.010507881543836084,-0.0028325039060149715,-0.017273497289540862,-0.0050563322833481195,0.008719311730002621,0.0013071070651766714,-0.01417507244546179,-0.00868169784307915
2025-07-31,-0.007079622090835236,0.0005071684444921676,0.0066454015709211944,-0.015066242540902275,-0.011314048540478794,0.03947470453976676,-0.014047154281350505,-0.00232353551200426
2025-08-01,-0.0250035932739211,0.00864788584056253,0.020299689958884537,0.015721703061804426,-0.023190554755137205,-0.01760072001226609,-0.0024680253205244806,-0.017914716192316327
2025-08-04,0.004792974350137147,0.0008069859045480854,0.005823229257701401,0.0221716731581989,0.01689875161611676,0.021999259295981233,0.010233998290291257,-0.020704100969768602
2025-08-05,-0.0021146907604691068,0.0003023950508449502,0.0008040912066364925,-0.0017538374630502451,-0.00982131505284678,-0.014730087451690799,0.004564082139759673,-0.0012108192433265552
2025-08-06,0.05090680618623611,-0.0004030457226704698,-0.00212110700071233,-0.0008786394556108412,-6.851608886171423e-05,-0.0053244351410633994,-0.007757061155928557,-0.0068071324674440215
2025-08-07,0.03179364268982976,-0.0008064938741221273,0.008437987494967825,0.005510291960325819,-0.015136462140372453,-0.007810398227357296,0.0029037897393695555,-0.005257751195815952
2025-08-08,0.04235792328538146,-0.0019165719484518506,-0.00022357985855403495,0.01049386001746666,0.006342765849460363,0.002303907839930286,-0.008240650283774409,0.0080227225072671
2025-08-11,-0.008337416841468825,0.0007074817808887524,-0.014374701087597641,0.0028270086047335052,0.0027704064055678046,-0.0005171525785138131,-0.006624674074251491,-0.009082420834886529
2025-08-12,0.010872441677679756,0.0,-0.0009074665058316222,-0.005983306484709683,0.011362159706303387,0.014316580058936212,0.00565163530985302,0.002834656944516567
2025-08-13,0.01602441991019199,0.003636049437986566,0.0030492830145867345,0.009491850269389257,-0.007922149441431658,-0.016363020350273483,0.009329028653340066,0.01385097827522297
2025-08-14,-0.0023571895917441354,-0.002817835751907416,-0.006338706734070332,0.001720026892274129,0.0124943701342628,0.003649715185283675,-0.007126995576773432,-0.0020446107295903904
2025-08-15,-0.005112133549474374,-0.0015137264578800602,0.0005858183101099534,0.010988988753863671,-0.012476232483657146,-0.004421230659529152,0.005720028227813145,0.0009399236271714351
2025-08-18,-0.0030225698834628334,-0.0011117903488152558,-0.0015612675411803556,-0.0022078977703217095,0.0035801747375252546,-0.005901995633061485,-0.00847549710183726,0.002159858780613755
2025-08-19,-0.001429259958971918,0.0019224672478903582,-0.005473279447945512,0.008794359665510676,-0.002984231225430345,-0.014175136000177835,0.017208422609051643,0.006559191718847002
2025-08-20,-0.019734572779050663,0.0006060116761559264,0.010122175284489776,0.0058492858590892816,0.005435909901663427,-0.00794472392905854,0.0028748078905114216,0.01033327712969978
2025-08-21,-0.004911289931109564,-0.0023214311319486036,-0.0034698951143765644,0.0005032206119162108,-0.0026347907597954467,-0.0012874574564821772,-0.0029767935108721,0.0064498717913028525
2025-08-22,0.012716766064777785,0.005564013187068673,0.01070642694476942,0.0020119559371254425,0.016365201143015762,0.005929757278004377,0.019351905984513307,0.01876769531595146
2025-08-25,-0.0026343118159346535,-0.0015090055149933335,-0.0024148368614391735,-0.0049082107745218595,-0.004523289620760429,-0.0058553341804989945,-0.005749542380377393,0.0041337085686439234
2025-08-26,0.009464667467088184,0.0012090597931366798,0.007262047243691283,-0.0035006217325441735,0.01244492556046728,-0.004402493114088024,-0.002618685666872733,-0.002237336717195837
2025-08-27,0.00514590705653295,0.001006281589753355,0.0020187288833615202,0.0016997438020951439,0.0023779280781519585,0.00936176720870363,0.006235623556878789,0.011301481391811308
2025-08-28,0.008980832210059075,0.0012063857690640667,0.007419038046796889,-0.00757959380496076,0.005981130523019074,0.005722904191400424,-0.0026092906321860676,0.005321494227238155
2025-08-29,-0.00180597769760249,-0.0013053303172759767,0.00964990177666114,0.009803369909493487,0.0011624885627850023,-0.005788423440546087,0.00545018744779413,0.008292919753508876
2025-09-02,-0.010424735828844955,-0.002652987463862111,0.023642559312442524,0.005023420437131554,-0.005706295482088786,-0.0030985559546348185,-0.016587173742426242,0.003499882077825367
2025-09-03,0.038089848308826335,0.003641148845052067,0.007831992196408066,-0.00033695136143085946,-0.0006339879767393031,0.0004553590999198942,0.0005512413289026075,-0.02423924248076581
2025-09-04,0.005493343195739575,0.004030974744891891,-0.004418882618094533,0.004269632060876161,0.014390192958637638,0.005184515851476723,0.007492310465404772,0.004378499220221599
2025-09-05,-0.00037532879451496193,0.004717444989262853,0.01334594055214322,-0.001846060870415056,-0.03107109660479279,-0.025533006259296664,0.011264224213377583,-0.02820283030170112
2025-09-08,-0.007551410322323426,0.0033966794955593294,0.011388067271604019,-0.001681263270092992,-0.004993555442518116,0.006464671125315569,-0.005839793742249966,0.005676051433977536
2025-09-09,-0.014839409394815983,-0.001991283011917311,-0.002269905468609168,-0.006568226221713935,0.01686527660127779,0.00042150030094911806,-0.0022842873721319323,0.007282686052529019
2025-09-10,-0.03225949486019408,0.0019952561315563777,0.0035922056391106683,-0.006611739282007423,0.009031448219285032,0.003932488193810091,-0.0016354294738569752,0.01671937142891422
2025-09-11,0.014286368839370622,0.0018916045511601087,-0.0014913797811720864,0.015416160289943859,0.01670321601624747,0.0012790827881028477,0.018237383494528192,-0.003200005425347263
2025-09-12,0.017562963814985233,-0.0008943475001740309,0.0019715725978484144,-0.0024649996717437395,0.0044181403586278645,0.017744124783092063,-0.004611776220307839,0.00017838659327451545
2025-09-15,0.011235910376080627,0.0016908690861550113,0.01040483601055886,-0.0037066363650386513,0.006483902651533757,0.010707965327386493,-0.0016161394185399969,0.0016939622486469297
2025-09-16,0.0061258849469238985,0.00039718891181705906,0.0020064107533963593,-0.005298687795703527,0.000938840642497718,-0.012263227620067041,-0.005288178637330998,0.02073877937427282
2025-09-17,0.0035272375318422533,-0.00178656449709802,-0.007715171664187115,0.004193529447014566,0.008279676933909075,0.001925154118143313,-0.0013018723513281705,0.005319154244229907
2025-09-18,-0.0046445482440198305,-0.0027841165394149048,-0.0040063094596702875,-0.01715571861449161,0.004747492105793061,-0.003078265245401113,0.0021726993953326,-0.011796344865571018
2025-09-19,0.03203293660995743,0.0,0.010607227252210416,0.01165594129887193,0.004948375124898874,0.01864486230927631,-0.0065040505141605864,-0.009742829872538272
2025-09-22,0.04309566831880085,-0.0011965567739400385,0.01730643093326134,-0.01123784380556736,-0.007433749843884008,-0.0067190170833154594,0.00021816777892169625,-0.00709096839143597
2025-09-23,-0.006443275472520216,0.0015973203163648364,0.004086375052867464,0.013604242155160096,0.0009601020758698287,-0.010146760806378219,0.005454349149427884,0.017229069478777115
2025-09-24,-0.008332331793480807,-0.00189383102700047,-0.009063049726670935,0.0006229505561836657,0.002174483898366386,0.0018066156556137969,-0.009835867481611915,0.005353230598405645
2025-09-25,0.018072995928489766,-0.001397997614919766,0.004165188877066628,0.005885976975283036,9.569042796320204e-05,-0.0061158387817614734,-0.002986772875038568,0.008990911323737194
2025-09-26,-0.005489112898051984,0.0006999773741593884,0.00577227044053652,0.011140556090281306,0.008326618686454568,0.00873714116807034,0.009874619069897728,0.014101608568683588
2025-09-29,-0.004031997224675621,0.0018986751648499833,0.016496514338703028,0.010628169450582536,-0.0011706152575265971,0.006139256605245391,0.0003296683124376365,-0.02559290196859465
2025-09-30,0.0007861188255666729,-9.970473351661457e-05,0.008540004081594166,0.020922823223874287,-0.0008236452133915106,0.006509982083227506,0.0040636474990249916,-0.012869910742363766
2025-10-01,0.003220327729275496,0.002551886371080503,0.0015753722020723782,0.003397718094239499,-0.014963734208879198,0.0033980301653540046,0.0015313869224731214,-0.006740595443285757
2025-10-02,0.00657666061710982,0.0010980296468003914,-0.003482825151325697,-0.0003762823062103404,-0.010170266040997467,-0.007638936272985952,-0.005242417434883517,-0.0062505309545027865
2025-10-03,0.0034612223931820285,-0.0010968253001035766,0.008032937892485048,0.014302633203660653,0.00806378357886528,0.003121699658835464,0.003732941711192428,0.01770151140710663
2025-10-06,-0.005154587353288997,-0.002196059293600894,0.01884573861512795,-0.0025445066215654677,0.0021067445598679235,0.021687508007657064,-0.009407138783379398,0.008299441941393315
2025-10-07,-0.0008180741481198517,0.0017006619698110015,0.005159462258136571,0.003879654088708273,-0.004819167700600424,-0.008683857940984696,-0.003643929003494528,0.0005254394885445546
2025-10-08,0.006160271773966164,9.989150609035491e-05,0.01649095687844504,0.004235285374253994,-0.011895101020730658,0.0016603594595525628,-0.005208923896898088,-0.0021005206430673162
2025-10-09,-0.015577789314472068,-0.001198349783437691,-0.018452848086064955,0.007327741956657974,0.004933723665502043,-0.004667907565661822,-0.005459062850960872,-0.009735072913848675
2025-10-10,-0.034522080166306646,0.004099216915318671,0.010097700011942212,-0.0018840308085712465,-0.015186672828847558,-0.021898990092536486,-0.012770241206646049,-0.019307415060401345
2025-10-13,0.009744360696440912,0.0018918892843662327,0.02430104394061705,0.0009437535372756045,0.023530147986259742,0.0060474330467461535,0.0063543084697708085,0.013636724113233578
2025-10-14,0.0004441597703503941,0.001590101653224929,0.007141189222626965,-0.0002618532978888588,-0.01912528696006499,-0.00093372333459385,0.010260412759781401,0.00044550118237274283
2025-10-15,0.0063364896410271765,-0.000396913236870966,0.017332403569977117,0.0016766678291648685,0.011950529759034545,-0.0002726301116511287,0.014508962878311715,-0.006055751176699431
2025-10-16,-0.007580008893106838,0.003573561822369564,0.02338727694573084,0.004969383048288867,-0.023389688375087925,-0.0035448013364658415,-0.00352034861884043,-0.008690988400668065
2025-10-17,0.019559492412937862,-0.0013847615406668012,-0.01881705572696646,0.005725620088865124,-0.003282678898230973,0.003850651462417254,0.00651353859531878,0.014461302268145015
2025-10-20,0.03943873008454002,0.0016838170610824488,0.03640197438905224,0.0025877238217635323,0.016131159538753437,0.006250167122328731,0.010091018837583787,0.004098352576868081
2025-10-21,0.002021044840732289,0.0009888866432481436,-0.06426889260666147,-0.009498225925542614,-0.017429518682984146,0.0016834597306014665,-0.002823265470464187,8.87501020525594e-05
2025-10-22,-0.016440145325788524,-9.880604463874398e-05,0.00010605594835544352,0.005524273147903713,-0.010030667552127337,0.0055635069973014595,0.004246971380507558,0.01774465456699237
2025-10-23,0.004372119604812541,-0.0017783076763978611,0.004002358382396931,-0.0024359967593856613,0.0014621169452826432,3.8459161822324006e-05,-0.0006505916048532567,0.011071434771137145
