Date,AAPL,GOOGL,META,MSFT,NVDA
2023-10-25,-0.013491722730781475,-0.09509384776846874,-0.041657202633529344,0.030678040601648915,-0.04314854934969947
2023-10-26,-0.02460546869441982,-0.02651074723659086,-0.037325174395050564,-0.03751432732173088,-0.034778161430528365
2023-10-27,0.007969283585253395,-0.000899501925466839,0.02906185887790569,0.005855762614779048,0.004314910981475517
2023-10-30,0.012305348582082987,0.018744317245767972,0.01998452969496589,0.022740232271405425,0.016320975509442004
2023-10-31,0.0028187982254228583,-0.0030531782347265057,-0.004592870362883583,0.0023716858273472585,-0.00925642406160232
2023-11-01,0.018738474492435486,0.01910059254537444,0.03511828127076644,0.023542828096849933,0.037886415445245625
2023-11-02,0.02069348193934739,0.008224585789335492,-0.003142645812976075,0.00650144691924659,0.02790297267193642
2023-11-03,-0.005181290500660851,0.012628415706861684,0.01199850852044726,0.01286171774692213,0.034454983317861565
2023-11-06,0.014605258360534279,0.008907805463049367,0.0038143992816463967,0.010572468680085656,0.01657600166095019
2023-11-07,0.014450809407980492,0.005527866223349109,0.009563205882584525,0.011219420350222054,0.004458845717514093
2023-11-08,0.005884912723751912,0.006642652622055989,0.003010954546654121,0.00740562086537766,0.013469736159387624
2023-11-09,-0.002624600050313286,-0.012135767043802481,0.0024079277542936595,-0.006910741108026586,0.00807316694781135
2023-11-10,0.02322007118321512,0.018043414943335057,0.025643363916751705,0.024896722419941453,0.029499502089808116
2023-11-13,-0.008583831646971407,-0.0037708449788965703,0.0012776535407066358,-0.008088232891096836,0.0058963457060488
2023-11-14,0.014285921266850243,0.01158286607716752,0.021628780218804433,0.00979041289895699,0.021308008033327885
2023-11-15,0.003040815976368405,0.007484015060016613,-0.010704497508647659,0.000406011038179388,-0.015466332917068781
2023-11-16,0.009042083139595647,0.01715939148306367,0.004448364501571378,0.017583354031241782,0.012109245779268418
2023-11-17,-0.00010536598375610051,-0.011830740964108855,0.0025436335976840585,-0.016800889087077442,-0.0036780916875436276
2023-11-20,0.009278213193990137,0.006946911723545224,0.014714525556790647,0.020521744625384697,0.022536220640461346
2023-11-21,-0.004230829450906803,0.005284436964965167,-0.008794801100661997,-0.011577952680577486,-0.009224456318613239
2023-11-22,0.003514438011980703,0.011097277963302066,0.013383380228378261,0.012812537522650214,-0.024587521651062816
2023-11-24,-0.007004179551646894,-0.012997354866272848,-0.009546294736904604,-0.0011117357420177276,-0.019295569997379136
2023-11-27,-0.0009474818666616036,-0.0020483875354988523,-0.010436655117489813,0.0031264485011190946,0.0097539198073886
2023-11-28,0.0032139694484798476,0.005791274005944702,0.012817500658012237,0.010802887356656798,-0.008726944793147395
2023-11-29,-0.005409632904662898,-0.016107820560657293,-0.02003013233644635,-0.010060090249679021,0.006670815572973332
2023-11-30,0.0030627245433927364,-0.018223545220146464,-0.015201729206518078,0.00015830690600826536,-0.028458761963337187
2023-12-01,0.006791366920462227,-0.005055534482294899,-0.007122054143041789,-0.011612176508411731,-0.00010682878308554411
2023-12-04,-0.009464682129794122,-0.019641980554817917,-0.014777535808753073,-0.014338849875737636,-0.026836233240719487
2023-12-05,0.02106324146985994,0.013305628081838883,-0.005405786609596008,0.009156502034322278,0.02329359857762392
2023-12-06,-0.005686995283444851,-0.007405088508835367,-0.0026391531788352296,-0.00998612438920754,-0.022827779635567258
2023-12-07,0.010139243876975623,0.05314544836856183,0.028791790040845422,0.005829874426509951,0.024020326175327122
2023-12-08,0.00741231955248689,-0.014167828440791563,0.018861745873570035,0.008842053294503938,0.01952961566877498
2023-12-11,-0.01292728346049321,-0.01259351981412471,-0.02244935680421445,-0.007829423853303763,-0.018502998110735525
2023-12-12,0.007920211299097923,-0.005776640264986588,0.02748400925136041,0.008295188792165842,0.022090206142952207
2023-12-13,0.01669133990042826,0.00037714442196667974,0.0015558650646507743,-2.675456035194923e-05,0.009043917405150426
2023-12-14,0.0007577388785806605,-0.004752337460231071,-0.004690156587752847,-0.022544623300162603,0.0054481611573133915
2023-12-15,-0.0027256547093916783,0.005002567658679569,0.005252513150406646,0.013117366412455533,0.011168657158583617
2023-12-18,-0.008503458185670887,0.024132413345615333,0.028962127330421028,0.005178944861490287,0.02427899520968202
2023-12-19,0.005360300875038471,0.006259202296775568,0.016656124627661306,0.0016369501425403943,-0.009445532538168822
2023-12-20,-0.0107139179200747,0.012367342579111096,-0.0030824899984716048,-0.007072719767404867,-0.030098239784292713
2023-12-21,-0.0007701490207947526,0.015035516412604144,0.013771151052598851,0.00787865932082532,0.018270241454454217
2023-12-22,-0.00554743394721624,0.007620086330488052,-0.0019769796939436146,0.002784179379245799,-0.0032659709618239052
2023-12-26,-0.002840893736171912,0.0002118539851514445,0.004074747496162656,0.00021350953303156395,0.00919503610928718
2023-12-27,0.0005180339420238766,-0.008125935553576324,0.008454779968206427,-0.0015746989349576523,0.0028004017125837777
2023-12-28,0.0022263368358006463,-0.0009974524628473258,0.0013694560584722737,0.0032346125944189286,0.002124827104860616
2023-12-29,-0.005424264667422518,-0.003850813648316964,-0.012167968594345768,0.002025175141321167,0.0
2024-01-02,-0.03578653513342733,-0.010881196302469753,-0.021669057905632116,-0.013748521121845214,-0.027341453886276512
2024-01-03,-0.007487670306763117,0.0054281718516331345,-0.005255766974616383,-0.0007280428276570383,-0.012435598464513253
2024-01-04,-0.012700153295135519,-0.0182119928568103,0.0076930523458087485,-0.007177622807429507,0.009018525671154132
2024-01-05,-0.004012919436744755,-0.004839123203774887,0.01391460819348489,-0.0005163938234727938,0.022896638237568823
2024-01-08,0.02417478184585886,0.022913268442100954,0.01906510700234043,0.018871647159631744,0.06428101236066586
2024-01-09,-0.002263332748972835,0.015197264662776933,-0.003429457687145976,0.0029356987018189784,0.016975161320128107
2024-01-10,0.005671375400169154,0.00943598911055954,0.036482692419040896,0.018574176019896527,0.022770021383501815
2024-01-11,-0.0032225571063367875,-0.0014056338304974103,-0.0021592710197598786,0.004859356025081363,0.008684385381126702
2024-01-12,0.001778086806786705,0.004011754866735773,0.013038565657272017,0.009983569692810557,-0.0020428771680420788
2024-01-16,-0.012317167433872123,-0.0011215257661739697,-0.018772306303717956,0.004633509190859586,0.030561202105853447
2024-01-17,-0.005173319831668244,-0.007158522620672736,0.0024765284647854102,-0.0020497338498700612,-0.005835117073632046
2024-01-18,0.032570482448544436,0.01420795471699754,0.021065631545499786,0.011297247019852463,0.01880340413803161
2024-01-19,0.0155331028712693,0.020212031766751126,0.019461509976887337,0.012186937008178633,0.04174639240877709
2024-01-22,0.012163376987489594,-0.0026644068102594787,-0.0043551737176753536,-0.00541796763983915,0.0027397778782149995
2024-01-23,0.006653042964186229,0.007192437348348735,0.008957962745703707,0.006027479029584226,0.0036711854901001484
2024-01-24,-0.0034837788420116755,0.011289175058072143,0.0142783145785641,0.009175296673686661,0.024869319371968013
2024-01-25,-0.0016967121159138232,0.02131808516013267,0.00634752324305099,0.005738147120655013,0.0041556526498109925
2024-01-26,-0.00901286655707978,0.002107179981335028,0.002441743648311512,-0.002321640121728641,-0.009510399622606691
2024-01-29,-0.003585809888499103,0.00867327222045211,0.017455603554052734,0.014334138990382606,0.02349631277604769
2024-01-30,-0.019245765236608703,-0.013354026885604386,-0.00239385407980075,-0.0027580448508057742,0.0049466539179534585
2024-01-31,-0.019357637944109496,-0.07500326381649347,-0.024796207983714957,-0.026946260920673204,-0.019864747267667737
2024-02-01,0.01334064123133194,0.007565879442052115,0.01189309023978935,0.015594451117745045,0.024379542718957925
2024-02-02,-0.00540514366502276,0.008642648377563233,0.20317639753060068,0.018425798951373862,0.04970893862498982
2024-02-05,0.00984673129092073,0.009130689118568736,-0.03280066098183154,-0.013545059860544661,0.04794425165900784
2024-02-06,0.0086316304373939,0.002922886649441958,-0.010208724776950673,-0.0003944647811768842,-0.01599549924969146
2024-02-07,0.0005811338540100408,0.009993125101822598,0.03270139210203116,0.02111028779922175,0.027497962550309785
2024-02-08,-0.005754668833976462,0.0025422331409996612,0.0008730651426125391,0.000144848630194927,-0.006533520061336673
2024-02-09,0.0040940084954168565,0.021177534965255873,-0.004021207063777288,0.015551354392368877,0.03578365591553423
2024-02-12,-0.009002028038047172,-0.009865666815426222,0.0016875644922578203,-0.012578705581618221,0.001594094316541561
2024-02-13,-0.011274295814318935,-0.016200182893700732,-0.018724656654600436,-0.021528716581533103,-0.0016607599580092947
2024-02-14,-0.004809839740113175,0.005511954388498053,0.028601317839089813,0.00966557124996803,0.024567305784336746
2024-02-15,-0.0015747254766697028,-0.02172124718780566,0.022713842871990853,-0.007155309776692764,-0.01680661418991758
2024-02-16,-0.00843036637074801,-0.015759618203270542,-0.02212672323525755,-0.006149142958978171,-0.000619310121092731
2024-02-20,-0.004113910178812907,0.004269717663539119,-0.00331708847444101,-0.0031431197431862623,-0.04353194619311895
2024-02-21,0.004186093677283509,0.010133271435911029,-0.006832842660286942,-0.001514422793319481,-0.028509058264894582
2024-02-22,0.011243889996503498,0.010803214946405237,0.038672778536766206,0.023546521664739473,0.16400878897301108
2024-02-23,-0.01003424102017203,-0.000902073040619511,-0.004319847669592258,-0.003182166852407353,0.00355254080727585
2024-02-26,-0.007451114585431351,-0.04438738015128807,-0.004731169222172316,-0.006823594526324972,0.003489120070009122
2024-02-27,0.008114370624945133,0.009522415099969983,0.011022512757246083,-0.00014726937218800806,-0.004943950004405728
2024-02-28,-0.006625403300693389,-0.01800118261435213,-0.006221101615440872,0.0005890127984953253,-0.013188913716210338
2024-02-29,-0.0036930833891722914,0.015251599800238269,0.012623514599190422,0.014519798948362972,0.018657419092572347
2024-03-01,-0.006030435397010536,-0.009533554247195264,0.02483010009190756,0.004496532690258848,0.04003185590048641
2024-03-04,-0.02538123867164843,-0.027635874037353347,-0.008182340402288046,-0.0013957618272136818,0.035950881838763715
2024-03-05,-0.028441038848694533,-0.00509945198749584,-0.015997897780823944,-0.029572028016130014,0.008576570186856536
2024-03-06,-0.005878228196921742,-0.009572785689668573,0.011974185035609874,-0.0013907983073460084,0.031827177190989264
2024-03-07,-0.0007094420125435263,0.022679136555383783,0.03245386566353936,0.017533438732423523,0.04474629769624383
2024-03-08,0.010236603696991864,0.007664635660552532,-0.012183029300569914,-0.007136843950294125,-0.05547701867579824
2024-03-11,0.011831652081736976,0.01669018755668894,-0.04419409326800561,-0.004184949995499232,-0.02003931541437365
2024-03-12,0.002778493435951601,0.006028766123470142,0.033416745433720196,0.026599288150029876,0.07157185492596096
2024-03-13,-0.012122582119572844,0.009314042026006497,-0.00836421466907078,-0.00043335080260176184,-0.011151952357747352
2024-03-14,0.010927407578769088,0.023678458580584927,-0.007546885095609079,0.024379711490120526,-0.03239137753907029
2024-03-15,-0.002196610058674331,-0.013417168762337672,-0.0157168252327351,-0.020695215436524306,-0.0012166544000221657
2024-03-18,0.006372503108038607,0.046040508238387234,0.026606137269298724,0.0021612666863481955,0.007035698228201603
2024-03-19,0.013584971559415626,-0.004401553423350135,-0.0014889736333474346,0.009800555012078549,0.010660723409436468
2024-03-20,0.014709222118785004,0.011630498718200988,0.01870065422774969,0.009064865687753443,0.010895087545511162
2024-03-21,-0.040857469961284476,-0.007664351422892568,0.004431019845085649,0.009735879332104957,0.011762473144734775
2024-03-22,0.005310188624557677,0.021476851685593212,0.0035844158134983317,-0.001467243023337006,0.031213470301624024
2024-03-25,-0.008300415671985473,-0.004642735586221747,-0.012873363073104604,-0.0137145824894509,0.007561867599641392
2024-03-26,-0.0066725777375230555,0.003998005655420744,-0.014174463367483292,-0.002861591334925695,-0.02569416407656966
2024-03-27,0.021212709006961372,0.0013273617520155323,-0.004093611273256581,-0.0005217225846820828,-0.024967253924498833
2024-03-28,-0.01055922189662517,0.00039787414834369095,-0.016765898266151824,-0.0016846033318198561,0.0011744880591175733
2024-04-01,-0.008455648578125863,0.030212768339900054,0.01188267788532138,0.009150949222302085,7.74639665841459e-05
2024-04-02,-0.006998693106073484,-0.005981388272174759,0.012252037235795488,-0.0073721307829505145,-0.01008161468015134
2024-04-03,0.004797288527085719,0.0023292572987354543,0.018839047505632145,-0.0023491773449507702,-0.005455347858742021
2024-04-04,-0.004892421443783879,-0.02833717682054404,0.008248898997731846,-0.006112526231218718,-0.03438476935097767
2024-04-05,0.004501905933989692,0.013087035250310741,0.03213790124048255,0.01828280637596147,0.024480602419005626
2024-04-08,-0.00666346092150738,0.015409972818257067,-0.015341005328920798,-0.0021855338226913767,-0.009942372797566712
2024-04-09,0.00724242664491892,0.011301218724252715,-0.0045259827847489165,0.003980267489789746,-0.020417225409504303
2024-04-10,-0.011139369425152368,-0.0029373161295437322,0.005668810445849992,-0.007084566497483236,0.019741496373553602
2024-04-11,0.04327104556091199,0.02094266493576158,0.006405706129380295,0.01103340598049396,0.041096471839071835
2024-04-12,0.008626618368935635,-0.010538928457940466,-0.021523046209680485,-0.014091064912222229,-0.026816435284081064
2024-04-15,-0.021863467470295883,-0.0181955596752289,-0.02279737122752712,-0.019578052307073213,-0.02477724429660233
2024-04-16,-0.019167337087691028,-0.0029706171615396793,-0.0009396389294542562,0.0022725487406611844,0.016441705442194587
2024-04-17,-0.00814746516349829,0.006930133952671058,-0.011185247615734473,-0.006609187959184304,-0.03866603949389702
2024-04-18,-0.005714287805219875,0.003473435207457909,0.015439990475969445,-0.01838093154429199,0.007568100368840591
2024-04-19,-0.01221253316748061,-0.012306882338870007,-0.0413113370840823,-0.012738987201094232,-0.10004602921818662
2024-04-22,0.005091026821893996,0.01421230059615497,0.0013719940924807883,0.004610171850265576,0.043543379302801055
2024-04-23,0.006391437308868486,0.012669624449298977,0.029830071570293715,0.01648540917883179,0.03653259291170308
2024-04-24,0.012702429196397302,0.005497402987491462,-0.005240962082505574,0.0036557972202282407,-0.03331574128445791
2024-04-25,0.005147246960742979,-0.01966958792095519,-0.10561302138320494,-0.0244951305974217,0.03708715689271469
2024-04-26,-0.0034728758634358092,0.10224369028279168,0.004327447487716185,0.01824379024675382,0.061755680076764685
2024-04-29,0.024808063371766664,-0.033730814508040496,-0.02407015421414005,-0.010016817852668947,0.00025081826959238995
2024-04-30,-0.018270903965436736,-0.020282740713869374,-0.005663000425972897,-0.03211936060304743,-0.015440286169027595
2024-05-01,-0.006047103726853242,0.00663471600472576,0.020968372637459876,0.014409412853063408,-0.03889983338839942
2024-05-02,0.022032044629804792,0.016843518027043425,0.005669426685800172,0.007342896548447886,0.03342940477254075
2024-05-03,0.05981591005257725,0.003721227020113682,0.023274745415761355,0.022169756880304092,0.034631830947632114
2024-05-06,-0.009106541218953379,0.005142319372988924,0.030356772739618343,0.01691829608562334,0.03774101190074508
2024-05-07,0.0037971386138277996,0.01873872204005056,0.005497365301014412,-0.01015622691495266,-0.017212876691403145
2024-05-08,0.0018640883761906757,-0.01091963118432493,0.009311412213492964,0.0029316064779840723,-0.0015679761315630092
2024-05-09,0.010014330575426333,0.0034241157746435213,0.005967053670382416,0.004335662001913265,-0.018415802181138363
2024-05-10,-0.006890242475751096,-0.007707688551310876,0.0016406936411410555,0.005869258295636337,0.012744171693345185
2024-05-13,0.017645361733017673,0.002905455319639705,-0.01719874277389999,-0.002459372549369787,0.005796704887874871
2024-05-14,0.006173540835577862,0.007094759388599936,0.008205093183480283,0.006864585248480992,0.01058649145789703
2024-05-15,0.01221801756153229,0.012739228650659573,0.020536099389234508,0.01748388687764746,0.03583775281931523
2024-05-16,0.0006324431697068977,0.009680558922581683,-0.017257206082018306,-0.004940000755710217,-0.0028637549082657365
2024-05-17,0.00015797043721521575,0.010793456288504366,-0.0027893181959747215,-0.00185270680889138,-0.01992395369596278
2024-05-20,0.0061621372659441676,0.004884707379630093,-0.006505446272756288,0.012208251895142297,0.024881352199890072
2024-05-21,0.006857230447240736,0.005256613688610745,-0.00897964033025267,0.008698803284515222,0.006393709581286933
2024-05-22,-0.007538290874444797,-0.008265390226921965,0.006779546663244318,0.0034497300436013845,-0.00457094698351268
2024-05-23,-0.021058136571459385,-0.01604494958694036,-0.004275542322878967,-0.008176237376821494,0.09319656722964154
2024-05-24,0.016588129024183385,0.008297373268658426,0.026707940905057903,0.007400440664898422,0.025722770184755994
2024-05-28,5.2591080116570765e-05,0.00805753323868541,0.003554911073986755,0.0003719940269002464,0.06980416762314312
2024-05-29,0.0015791034879866217,-0.002834506916513879,-0.011585268035471774,-0.0026724220432622348,0.008112408902346324
2024-05-30,0.0052551375447988935,-0.021546241716830505,-0.015410361885922375,-0.03378621528043435,-0.037665956171783144
2024-05-31,0.005018501059180558,0.0022659065380281618,-0.00047095020097309703,0.0011093869662073264,-0.007846167374358393
2024-06-03,0.009258822405200595,0.0038841161923353074,0.022834796325659212,-0.003878440269118655,0.04895417755640796
2024-06-04,0.0016492107399450617,0.0035802085877627565,-0.0010471492756548573,0.006166604618499161,0.01249565922442697
2024-06-05,0.007820892264638557,0.009321676978900406,0.037883442733377404,0.01908343457699857,0.05155579294691992
2024-06-06,-0.007096527044226142,0.007525230521771009,-0.0026258624620814075,0.001202706714853452,-0.011777137134366455
2024-06-07,0.012392071769831592,-0.012844479029137212,-0.0016202557186199007,-0.0015781981549644053,-0.000909145618860574
2024-06-10,-0.019147836579684996,0.004303971794858974,0.0195553871955092,0.009484520169512178,0.007461436961645029
2024-06-11,0.07264909004660769,0.009199344263157494,0.009689570617818832,0.011241649498993311,-0.00714389257913961
2024-06-12,0.028578447980847077,0.006624540332963891,0.002699639860644254,0.0193677124585947,0.03548076795009525
2024-06-13,0.005491104228192656,-0.014792775039350059,-0.009315277212563755,0.0011790504324629136,0.03522374215333657
2024-06-14,-0.008168357100995394,0.009305802419347309,0.0011120467410112855,0.002241903321511529,0.01751415623203978
2024-06-17,0.019671425689565147,0.0025454096904735657,0.0048991550818864305,0.013105215255968972,-0.006824448891115331
2024-06-18,-0.01098440212489915,-0.012130543940589877,-0.014093072694723818,-0.004527470978371029,0.035119816994186204
2024-06-20,-0.021512995066568008,0.006910840282344566,0.004424483150296199,-0.0014338983422801377,-0.03540337020764539
2024-06-21,-0.010444355764509639,0.018888278784932933,-0.013793081544506536,0.009154176332495156,-0.0321915951113082
2024-06-24,0.0031326038742478524,-0.002282611732255191,0.008347140052151758,-0.0046911954926391886,-0.06684052107358063
2024-06-25,0.004468220420999369,0.02683859244864073,0.023431123421191913,0.00732681030754212,0.06756412263764022
2024-06-26,0.019993287512629854,-0.0008149787303309841,0.004935305471085227,0.0026832225063100346,0.00245867067746941
2024-06-27,0.003985972233497392,0.008320514747556462,0.01255067261510412,0.0015260040948219533,-0.019066578871811957
2024-06-28,-0.016254206417840922,-0.017582702093514202,-0.02952498560635719,-0.013028641981085998,-0.003629236209484077
2024-07-01,0.02910459855178371,0.004611676640223772,0.0009123177111789449,0.02188166118438062,0.0061519992329461815
2024-07-02,0.016239936380784137,0.012295751510656316,0.009550628586639132,0.005583198300552761,-0.01311356592469648
2024-07-03,0.005811053829640533,0.003131086601544153,0.0009028632348040411,0.0032441873160879986,0.04573243761532808
2024-07-05,0.02162033388311113,0.025723871532107978,0.05872997512635858,0.014736105075184858,-0.019098794133007746
2024-07-08,0.006538948083326224,-0.008237305510748194,-0.019614284305133234,-0.0028230217914593236,0.018834873205305636
2024-07-09,0.003774774377855783,-0.00026441985293812476,0.0012847118822880699,-0.01437030852382104,0.024805122003841662
2024-07-10,0.018803566338720268,0.011641367437384753,0.008848929215504286,0.014601542223466657,0.02686862518467703
2024-07-11,-0.023220792984369076,-0.029344024505463695,-0.04112657368642936,-0.02477209578071571,-0.05566682793681765
2024-07-12,0.013050912018093719,-0.002694409800536257,-0.026974935708218517,-0.002529200526460662,0.01444277674849781
2024-07-15,0.016743300110270143,0.007888889515412334,-0.005432181422832638,0.000903994874985381,-0.006190235865809246
2024-07-16,0.001791813130770148,-0.01399236570629725,-0.0128385648925321,-0.009780531243418378,-0.016194197741704275
2024-07-17,-0.025296003363101227,-0.015767709709062272,-0.05675910811164542,-0.013347648081134644,-0.06623929533137463
2024-07-18,-0.020534722051325116,-0.018395693236801236,0.030000690471552183,-0.007102291865262456,0.026273349017395864
2024-07-19,0.0005798631796738452,-0.00016893235528758765,0.0019755343611804754,-0.007402802371560324,-0.02609626953306088
2024-07-22,-0.0015602758850207232,0.022571223799507267,0.02225289131028152,0.01333762058421617,0.04757057665603903
2024-07-23,0.0046882109787453885,0.000660418846451627,0.0026466928473278806,0.004312114204372275,-0.00768987548225053
2024-07-24,-0.028754162496581914,-0.05038764925171535,-0.0561092792531922,-0.035854801562698824,-0.06803155371312719
2024-07-25,-0.0048046235626773015,-0.030991085334717727,-0.017039881869290396,-0.02448124770007576,-0.017242905411792298
2024-07-26,0.0021610340107405257,-0.001673904258290948,0.027105793932303168,0.016419643676152118,0.00694691089909405
2024-07-29,0.0012846423555401554,0.015149486506134568,2.1384776815569495e-05,0.0034332324969315042,-0.013002072098496686
2024-07-30,0.002565847685441769,0.004483077387670509,-0.005411022412609157,-0.008928373573319215,-0.07043625762855976
2024-07-31,0.014990935967612362,0.007340398687862626,0.025130037646001968,-0.010805864140658983,0.12812088906521413
2024-08-01,-0.01675072066025418,-0.004547027461090036,0.04824881470159803,-0.0029640999912898813,-0.06674058452284015
2024-08-02,0.006869426357635211,-0.02401009937426224,-0.0192870621801301,-0.020666014109848918,-0.017764007467723553
2024-08-05,-0.04816697818757931,-0.04446187866976248,-0.025423040422125842,-0.032656841621402366,-0.06357786559240008
2024-08-06,-0.00974822601515879,-0.006028323173860706,0.03859324621733862,0.011286987182690167,0.03782982539238966
2024-08-07,0.01249814571142216,0.004106468405177699,-0.010463644420408813,-0.0029528736503989794,-0.05122302078215435
2024-08-08,0.016633313191291688,0.019441208518255815,0.04235858098264855,0.010691870333212172,0.0612678398954527
2024-08-09,0.013735879280824426,0.0101216461498419,0.015972491459499638,0.008269351271767755,-0.002095901641966491
2024-08-12,0.007130037608732209,-0.008431668734171449,-0.003515182705935538,0.0019456718530765915,0.040763713141040325
2024-08-13,0.017192945513906155,0.011522626818114112,0.02440158901581646,0.017698739143431563,0.06530909677446006
2024-08-14,0.0020338127254488914,-0.023087402690802117,-0.0033674898205381387,0.006883881757579369,0.016704107159896342
2024-08-15,0.01353056315523471,0.005799333473301527,0.020065767046809624,0.011823780253562122,0.04048096262331691
2024-08-16,0.00591846921354322,0.010291232743487422,-0.018443129890489574,-0.006080327419435205,0.013999615965522239
2024-08-19,-0.0007077954338955417,0.022766397294449625,0.0035267452107563546,0.007312359182365835,0.04350606927506395
2024-08-20,0.0027446923720639838,0.0030599838037146387,-0.004817918037382407,0.00775746168717073,-0.021153681767221988
2024-08-21,-0.0004857268912741297,-0.007955480519652225,0.01600440923202151,-0.0015536198618990582,0.009823181061501485
2024-08-22,-0.008259609431242598,-0.012360597212032198,-0.006035445401395556,-0.020252770348169635,-0.037042829132258204
2024-08-23,0.010288098295355708,0.011111068430124327,-0.00738829136645891,0.002983956820415745,0.04549852021361134
2024-08-26,0.0014987850163938887,0.0032605346783918243,-0.013030245663094409,-0.007917684234676314,-0.022493473928041685
2024-08-27,0.003741557490109182,-0.00890712840885377,-0.003876443052438394,0.000846428196446869,0.014550071436775225
2024-08-28,-0.006753503962535712,-0.01111245407280681,-0.004469082998571183,-0.007829024494602765,-0.020966515727281143
2024-08-29,0.01457025208387952,-0.006570453061871873,0.00278641515878153,0.006137281949169404,-0.06384846553557766
2024-08-30,-0.003437948118565015,0.009890082161862379,0.005962745729694907,0.009730920297505774,0.015137385425604721
2024-09-03,-0.02720524753248732,-0.03684670886163932,-0.018319281714540447,-0.018459070026518032,-0.09525006070877928
2024-09-04,-0.008618739713523893,-0.00578299350517697,0.0019149917773670921,-0.0013188095569762748,-0.016574104618717556
2024-09-05,0.006927738629377345,0.005049555346228196,0.008035278177872751,-0.001247312484486618,0.009415293616487963
2024-09-06,-0.007014912470938661,-0.040193288352698975,-0.03209768729890816,-0.01638129540546307,-0.040854349032131365
2024-09-09,0.0004075081184016227,-0.013335988010026667,0.009035158820447586,0.010007407678420677,0.03539826490052267
2024-09-10,-0.0036213894446761596,-0.0003361823291354593,0.0,0.020901185981625492,0.01530934349091262
2024-09-11,0.011585072193410095,0.016816831181984515,0.01394630469637237,0.021342298519007263,0.08149871971190392
2024-09-12,0.0004940567574551746,0.023352806256480063,0.026903505981719977,0.009360790994615842,0.019161668437467805
2024-09-13,-0.0012119608117990843,0.017906813591217707,-0.0018645665427897695,0.008407455416940213,-0.00033577935977979756
2024-09-16,-0.02777532998521237,0.0038103011770207473,0.017477029040573022,0.0017418054881761513,-0.019479437659391752
2024-09-17,0.0021726198870475333,0.007971870443312268,0.005700542361524619,0.008833026453316517,-0.010190103383827198
2024-09-18,0.017989875638995345,0.003075508835534535,0.0030393204014282915,-0.009973613597476172,-0.019205851949414043
2024-09-19,0.03706556062944655,0.014579771377584594,0.03931586849161528,0.01829114326068626,0.039693115729448
2024-09-20,-0.002927445291917685,0.00894289177635832,0.004024275311769632,-0.007796043672366748,-0.01586491134881729
2024-09-23,-0.007581065072062465,-0.01063635040109756,0.005451047246336049,-0.0040434015262796885,0.002241382463703534
2024-09-24,0.003974025096690426,0.0027185446047177653,-0.001913366521640092,-0.010011274235421586,0.039652520801574775
2024-09-25,-0.004398090277356381,-0.004929390387641508,0.008840118039242562,0.006850285182577576,0.02184159091488813
2024-09-26,0.005080160307070036,0.007678414446849358,-0.0008268688528899615,-0.0018513051459352337,0.004291135315719785
2024-09-27,0.001186658354039194,0.007497093573010316,-0.0008453441753036861,-0.007627896817552493,-0.021283402784998406
2024-09-30,0.02287209031333859,0.011588928988784275,0.008953768789883743,0.005326830664338811,0.0003294655755305964
2024-10-01,-0.02914169158910973,0.0068736801065811814,0.007040086490565978,-0.022333187233556706,-0.03656127345365101
2024-10-02,0.0025198182488839205,-0.006766823858648019,-0.006348934922806304,-0.008462300864414019,0.015811920766174214
2024-10-03,-0.0048946807787199065,0.0,0.017387948034434997,-0.0014143491723536128,0.033655888894432495
2024-10-04,0.005007337478568852,0.007235025885976132,0.02259886768221131,-0.0011524655958053964,0.016849800830298856
2024-10-07,-0.02253089110905182,-0.02442237303050332,-0.01872668565034008,-0.01567079122808146,0.022414382954910606
2024-10-08,0.018404132056073275,0.0085899583427409,0.013868384936285283,0.01262390568993177,0.04047911422020345
2024-10-09,0.016698397510348073,-0.015330276197640269,-0.0040142672129314105,0.006631101109760396,-0.001805989996993107
2024-10-10,-0.0021783227335696598,0.0013591409138626886,-0.011312146116335242,-0.0038806410301356342,0.016283547608302973
2024-10-11,-0.00650532801725201,0.0071569619298001985,0.01048242103602881,0.0011543318461537666,-7.415898055063153e-05
2024-10-14,0.01647985820184883,0.010536633454212518,0.000796642147122828,0.006773621803149554,0.024258239135950932
2024-10-15,0.011024667131840804,0.0030311189302365538,-0.007028846164814473,-0.0009542961887718526,-0.04686035085485096
2024-10-16,-0.008851887879845255,-0.001813175407839429,-0.016169975809733783,-0.006256908074269929,0.031306881668500264
2024-10-17,0.0015963420116462679,-0.013502187464795812,0.00024276827592917272,0.001441943860023498,0.008915433610181545
2024-10-18,0.012276521799192697,0.003007554301391435,-0.0007973219829832123,0.003455608581478309,0.007814165037020482
2024-10-21,0.006297940293999549,0.003977540755912834,-0.002272476230128051,0.001482702708585082,0.04137689234214936
2024-10-22,-0.0026217801448966682,0.006521547026972385,0.01190977022922568,0.02084626590150651,-0.0008349017612380161
2024-10-23,-0.021623043087497518,-0.014290822625541044,-0.031477220713371445,-0.006806905681150166,-0.028066190612756614
2024-10-24,-0.0008232893975498312,-0.0003687937760189497,0.0072558140141125715,0.0003062358644703167,0.006090610878756175
2024-10-25,0.0036431302743360483,0.015671276641335163,0.009633952092172882,0.008052138412430576,0.008047810739806316
2024-10-28,0.00859935641457632,0.008773431457827607,0.008565168464440998,-0.0036436423295900244,-0.007206275733810608
2024-10-29,0.0011568288269685478,0.017754241997450126,0.026152082187628878,0.012564850837218255,0.005194819301187925
2024-10-30,-0.015277911173601555,0.02817070733100291,-0.0024947800952586086,0.0013426895702852715,-0.013522137694603975
2024-10-31,-0.018209488262373785,-0.019202052848010354,-0.04092592558106234,-0.06052760786523237,-0.04722248511583971
2024-11-01,-0.013279609691562944,0.0010518038709570465,-0.000740015028993235,0.00989289014113659,0.01988545499654748
2024-11-04,-0.004037561216745256,-0.011967926622342251,-0.011425182296181613,-0.004654373384725408,0.004800569403939692
2024-11-05,0.006486286726520074,0.002954554057580827,0.020956521663164196,0.007344700260397685,0.02837187193481605
2024-11-06,-0.0032669734776912263,0.039884372708853366,-0.000663793366237786,0.021192918711071984,0.0407404647765186
2024-11-07,0.021372108265085066,0.024021337558518985,0.034350202593596224,0.012494564923895668,0.022457324511075072
2024-11-08,-0.0011882147854568315,-0.013277939550716433,-0.003988503342188809,-0.006793065151575073,-0.008396072954397149
2024-11-11,-0.012028524091727721,0.011213860722330438,-0.010469502770822592,-0.010720883022434347,-0.016053669104348023
2024-11-12,0.0,0.007041838796491007,0.00282948336363531,0.012009237025924824,0.020859028499437215
2024-11-13,0.003969089723554031,-0.015086425862174346,-0.008241920747363518,0.005129754187831015,-0.013621776892415505
2024-11-14,0.013770437341629416,-0.0184481007244246,-0.004896477152324441,0.003974580617207124,0.003349819470588322
2024-11-15,-0.014109230051908561,-0.017598892625701024,-0.039988865490435566,-0.027852657612518872,-0.03257015768090554
2024-11-18,0.013422249209323889,0.016290836044874135,0.000577595100420103,0.0018313172889450335,-0.01288919433854574
2024-11-19,0.001140245112069671,0.016086701726933716,0.012067055122802595,0.004882671382697268,0.048947663728094115
2024-11-20,0.003154020989376116,-0.012014435701748538,0.007895279004426436,-0.005505246122902818,-0.007618500812682338
2024-11-21,-0.0020960696120325695,-0.047448496553895936,-0.0042968950039934395,-0.004316776538474176,0.0053465540860482275
2024-11-22,0.005907603608046763,-0.017121086823255416,-0.0070148701459613605,0.010003128950671902,-0.032181164088117775
2024-11-25,0.013050819603222186,0.01754062350992558,0.010677013896379206,0.004292626513457076,-0.041775266855394455
2024-11-26,0.009404379438592514,0.00876827394130042,0.014917429960107143,0.021968040983836534,0.006616731288063171
2024-11-27,-0.0005530149411751006,0.0006504884916642695,-0.0075670750037577506,-0.01168254200413188,-0.01153967447278148
2024-11-29,0.010215807549385891,-0.0016545972536402553,0.008995282115711767,0.0011112247629452288,0.021501507990381086
2024-12-02,0.009522577464861515,0.015034073883776866,0.03222939042117057,0.017758411745763203,0.0027485839482299657
2024-12-03,0.012771833107112718,-0.0008747546678680163,0.03511961086010795,0.000510495560895885,0.011758020868576802
2024-12-04,0.0014835866434415035,0.01768411938314629,0.0002119226019545728,0.014424851195665056,0.03479241673463407
2024-12-05,0.00012350683544171126,-0.009921302322327241,-0.007901821220509309,0.0118878581196038,-0.0004822714247976201
2024-12-06,-0.0008229201890908033,0.01199027845012357,0.0243705707078965,0.0021462772637492744,-0.018061393967667372
2024-12-09,0.016101115959135104,0.004928013215991678,-0.016352281264656043,0.005523376272096314,-0.025484639527453168
2024-12-10,0.004133784664764217,0.05588187539827327,0.009371513648038787,-0.006031173872898421,-0.026943168111955185
2024-12-11,-0.005166121810465163,0.05524656109781634,0.021571933698555146,0.012767129985448156,0.031391002506208965
2024-12-12,0.005963846537199391,-0.017604894218724465,-0.0029873215206278614,0.001269468920496175,-0.014141037449093896
2024-12-13,0.0006854887890161976,-0.011148211917466622,-0.01655059739083875,-0.005093893948116213,-0.022498892624467803
2024-12-16,0.011727714118647148,0.03603417460118519,0.007082344218628744,0.00965858443532941,-0.01675990292273155
2024-12-17,0.009719555250836232,-0.0063053325017662365,-0.00768935703215512,0.00635537550776033,-0.012196857692458485
2024-12-18,-0.021421768297346322,-0.035922652646088515,-0.035919592733179795,-0.03756099444956251,-0.011350545416578761
2024-12-19,0.007014698277349574,0.0005839020338169743,-0.0027126814477073102,-0.0008231332071284569,0.013730336903056806
2024-12-20,0.01881582827223327,0.015383815797327394,-0.017327953887174452,-0.0009838271649059704,0.030762248524884184
2024-12-23,0.003064998080540393,0.01682259389824381,0.024946609954225263,-0.00309214147243031,0.03689681224631136
2024-12-24,0.01147796804813006,0.007604085726220955,0.013169962913966993,0.009373935224720853,0.0039379685270666265
2024-12-26,0.0031757482621099786,-0.0026005230084695796,-0.007239859269585702,-0.00277699123870756,-0.0020682545779533434
2024-12-27,-0.013242143728976585,-0.014519550705452633,-0.005867120167012629,-0.01730158602307752,-0.020867638004440248
2024-12-30,-0.013263420600231446,-0.007885294298205281,-0.014287993149188494,-0.01323957480949911,0.003503457841931956
2024-12-31,-0.007057864335583752,-0.010144345616182937,-0.00969144069498662,-0.007838348578699805,-0.023274362158217543
2025-01-02,-0.026235896572911255,0.0006866601685588947,0.02344963346233908,-0.006927663501339887,0.029935174947178123
2025-01-03,-0.002009491834681132,0.012458399135875542,0.008994730817591057,0.011395731112941121,0.04453765099626916
2025-01-06,0.006738997147319958,0.026487384086465227,0.04229036993386326,0.010629489763471556,0.03433230606964521
2025-01-07,-0.011387714496238432,-0.007009718241145935,-0.019533478592407505,-0.012808275419088577,-0.062169597905649465
2025-01-08,0.002022971646596483,-0.007877603758809748,-0.011604054607176062,0.0051850455353357194,-0.0002140006756540247
2025-01-10,-0.024103805569487102,-0.009848056771104341,0.008416244954530416,-0.013213688538304735,-0.029976311100058384
2025-01-13,-0.010344084750700366,-0.00536332905368142,-0.012226705083624445,-0.004200941161408345,-0.019719015898715497
2025-01-14,-0.00477817804434344,-0.0070677650940869086,-0.023145319244881057,-0.0036434112803426233,-0.01103367218590845
2025-01-15,0.019675915137548072,0.031055601321348103,0.03848539502175474,0.025597139870547014,0.03400140991541667
2025-01-16,-0.04040014667272307,-0.013500398742155806,-0.009430839535254698,-0.004058091187746915,-0.01959787741939023
2025-01-17,0.007535187060103032,0.016017898235014982,0.002404675887659913,0.010480966213824328,0.030994989908860404
2025-01-21,-0.03191577620737518,0.01045916623936849,0.00602192821708214,-0.00123526396463014,0.02265633026365843
2025-01-22,0.005344884720209109,0.0016157249153934128,0.011419986852635233,0.04130688160628382,0.044308894409870625
2025-01-23,-0.0007593880372303019,-0.0019659472470179296,0.02076981299730818,0.0011428921174210238,0.0010197916582350697
2025-01-24,-0.0039346339600490055,0.011263735095384586,0.017346233347585116,-0.005932215439985122,-0.031245862969203397
2025-01-27,0.0317802621637584,-0.04195590796221993,0.019135459875579075,-0.021393518640406062,-0.16968159946784855
2025-01-28,0.03654391119791067,0.018195056638625307,0.021897913080127118,0.029086960709354015,0.0892586147100114
2025-01-29,0.004616895849009817,0.0005631941897485948,0.003203182297697893,-0.010890044984245284,-0.041010995725330734
2025-01-30,-0.007394757973919863,0.027941270248889705,0.015536116055089977,-0.06180903860268361,0.007679853424490624
2025-01-31,-0.006692159687602506,0.015681817800762277,0.0031731379398227677,0.0001686621321865811,-0.036742818878689576
2025-02-03,-0.03385597230587034,-0.013675184431005238,0.0120143333311733,-0.009974375959238113,-0.02840008775682923
2025-02-04,0.021007917727361436,0.025592634253417623,0.009649267075155565,0.003528596582160759,0.017058085904001485
2025-02-05,-0.0014175666042857138,-0.07292368252242654,0.0009657217432128551,0.0022310200334914043,0.05208599573484074
2025-02-06,0.0032262139998637807,0.0014111567717003393,0.010101046045549955,0.006121610450557924,0.03084180336963427
2025-02-07,-0.023968762146886702,-0.03267237641993448,0.0035534275947561866,-0.014597677772654749,0.009014586657984713
2025-02-10,0.001187337666050725,0.006096983803544509,0.004030681676323811,0.006028017166975763,0.028727780951507853
2025-02-11,0.02183178748142156,-0.006167171806482741,0.0033454170855899967,-0.0018921665317954695,-0.005764684199262349
2025-02-12,0.01827014749510436,-0.00922733282310384,0.007752181761932153,-0.005833214253644803,-0.012500106306125303
2025-02-13,0.01967323592804604,0.013779183225693048,0.004383934121227062,0.0036671689356793102,0.031645551205647715
2025-02-14,0.012710684479589673,-0.0048887145722809056,0.011131497341066554,-0.005139599514405235,0.02631391919664594
2025-02-18,-0.0005314876576546501,-0.00788204022781891,-0.027556427062002564,0.002962593992094087,0.003961114533224563
2025-02-19,0.001636168138018812,0.008162330275985896,-0.017588564102748006,0.012523101594279717,-0.0012195457080016459
2025-02-20,0.00392051404821725,-0.0038322980427268893,-0.012688876220498857,0.00529078099813951,0.00632046381564888
2025-02-21,-0.0011390436550645644,-0.02654964296257334,-0.016248406701727114,-0.01903259855834627,-0.04053964113609554
2025-02-24,0.006312374747486027,-0.0022820506178629074,-0.022558654721876903,-0.010313283020000341,-0.03087095549146035
2025-02-25,-0.00024284399473972762,-0.021366872448684182,-0.015909980760236198,-0.015099081086989541,-0.02801665992867297
2025-02-26,-0.0270401234489549,-0.015334629669029431,0.02463875604252097,0.004599198315048625,0.03672127425088734
2025-02-27,-0.012730935987990133,-0.02448905000484347,-0.022948046885180484,-0.018012100306966428,-0.08478069375412489
2025-02-28,0.019131905122169668,0.010563798392122292,0.015131320117875768,0.011362106174063413,0.03970035702420183
2025-03-03,-0.015754251313333967,-0.019203725976125963,-0.019679781027324372,-0.02141109532909491,-0.08693564573326684
2025-03-04,-0.0088223823459046,0.023411859592639583,-0.02297529318238878,0.00030884785246687585,0.01692092817627522
2025-03-05,-0.0008052953828132647,0.012286506070346759,0.025734409908344302,0.031934369842304466,0.011294082197512711
2025-03-06,-0.0017391944176556873,-0.003872346178511177,-0.04347497889202223,-0.010298651028757821,-0.05737422564780548
2025-03-07,0.01589256603004152,0.008761171410639479,-0.0036151492152692866,-0.009020185329573605,0.019173365494608907
2025-03-10,-0.04847955156408401,-0.044857812270654884,-0.04422522353739988,-0.03343413334878109,-0.050670038443757504
2025-03-11,-0.02918941424893018,-0.011032752836799942,0.012909943654167755,0.0007627771209397505,0.016638671382923187
2025-03-12,-0.017478699758893934,0.018714978685079098,0.022865667975580983,0.007412271021316474,0.06427593440097956
2025-03-13,-0.033643680889180905,-0.02603071690842762,-0.04667818348874786,-0.011741132107372043,-0.0013824166282918604
2025-03-14,0.018170585220316893,0.01677313757642418,0.029629721699581335,0.02584687598082147,0.052690772724235835
2025-03-17,0.002388888765495034,-0.007251293316242191,-0.004443715667787118,0.000360336389624738,-0.01758857219116783
2025-03-18,-0.006121457487563542,-0.02203414281831817,-0.03726240559428684,-0.013326540986184465,-0.03430103864873846
2025-03-19,0.011989226467345793,0.020041134275114336,0.0029193022936790936,0.011212062123519662,0.01810621112728228
2025-03-20,-0.005296369796450651,-0.006650791995090222,0.003321461204322196,-0.002527088440830716,0.008594277896195823
2025-03-21,0.019476892079065333,0.0073095880673679225,0.017491499838690583,0.01142600153356832,-0.00700244218990731
2025-03-24,0.01127038115604373,0.02250131519296361,0.037903548639576234,0.004651577438902432,0.031520885292299905
2025-03-25,0.013681912241200633,0.017175572345055068,0.012054687741521741,0.005291630611742537,-0.005930320618171225
2025-03-26,-0.009921810242430995,-0.03224676556041739,-0.02447676110591379,-0.013133944989108914,-0.05741985409452688
2025-03-27,0.010472672988674825,-0.01708459487799363,-0.01374830142059913,0.0015641359750724337,-0.020481692951346053
2025-03-28,-0.02658036232816441,-0.04875490270461058,-0.042882297551120496,-0.030160250366450647,-0.015794689443281995
2025-03-31,0.019412618437147255,0.002008636751622328,-0.0006588823799039689,-0.009002025799393687,-0.011762587510431133
2025-04-01,0.0047720122743710736,0.01571393708887836,0.01672556365381772,0.018114488980663257,0.016331408871262276
2025-04-02,0.0031363284814578396,-0.00019110005290057241,-0.003532428909424845,-0.00013084792258288847,0.002451203829599846
2025-04-03,-0.09245620080797823,-0.040244425028940656,-0.08958261041597648,-0.023630156307198336,-0.07806553577742859
2025-04-04,-0.07288735766061138,-0.03397026243840939,-0.05058117308489396,-0.035565822515201795,-0.07357565530166099
2025-04-07,-0.0367342786061855,0.00789824561845709,0.02282397881070386,-0.005502491252574182,0.03530901884287374
2025-04-08,-0.04981823929192353,-0.013969289985250932,-0.011234797010100328,-0.009221474734242618,-0.013723776613149163
2025-04-09,0.1532885769098551,0.09682104090518062,0.14755608705942347,0.10133677966961008,0.18722734161151489
2025-04-10,-0.042393803760042426,-0.037111733007789804,-0.06739856349655948,-0.023406408480604823,-0.05912707353705149
2025-04-11,0.040594452856169694,0.02826860038204293,-0.004979020421927771,0.018618120541983307,0.03123543860990652
2025-04-14,0.02205407661995684,0.01228207464586828,-0.022241760683485823,-0.0016476733551430423,-0.0019832181718143493
2025-04-15,-0.0018764431236599766,-0.01735092598671739,-0.01874009870957616,-0.0053633813244883255,0.013458605962924697
2025-04-16,-0.03893334435103357,-0.01906469545370104,-0.036834689442042046,-0.036605968068710304,-0.06871657979487544
2025-04-17,0.013949665806890499,-0.014152458096302167,-0.0016522930897923116,-0.0103065155380615,-0.028710916248660956
2025-04-21,-0.019392813657033492,-0.023088123515391357,-0.03354080547930749,-0.02354668619772804,-0.045127508275239814
2025-04-22,0.03406502870124406,0.025733010733158812,0.032228799518237095,0.021441395531364815,0.020431255555844352
2025-04-23,0.02433161145205487,0.025615707850139335,0.0399577312057291,0.02063675292557554,0.03862877687705457
2025-04-24,0.018426164919435495,0.02529759722336089,0.024756320809003363,0.03448270502975226,0.036218443438834624
2025-04-25,0.004367221263343435,0.016825875150660474,0.02648406820638094,0.0117480834781436,0.04303310877209787
2025-04-28,0.004109375580146679,-0.008335422979664497,0.004513301170989914,-0.0017609209807419868,-0.02053878781642582
2025-04-29,0.005091894749990278,-0.0028017970192359964,0.008549529711378012,0.00736277058446122,0.0026671504207291807
2025-04-30,0.006107591790042166,-0.008491542112051276,-0.009811771546160197,0.0030961157495594804,-0.0009172243677783021
2025-05-01,0.0038588738658813515,0.015743008470190167,0.04227698161556681,0.07625354383320349,0.024697003047237986
2025-05-02,-0.037361741757710676,0.016925054556278685,0.04335814436114993,0.023225257389123177,0.025893777340082025
2025-05-05,-0.03145849927117084,0.0010973892911136929,0.003768737081471407,0.002044639585663255,-0.005938881460677781
2025-05-06,-0.0019106137620794605,-0.005968125672196289,-0.01995762256338407,-0.006557060985279972,-0.002459988236033883
2025-05-07,-0.011384839554669735,-0.07259681958467656,0.016175398632309212,9.230058356446413e-05,0.031002262560666072
2025-05-08,0.006318533035958307,0.019157090057666748,0.0020107482291886747,0.011122677849317864,0.002648266209549277
2025-05-09,0.0052660880535218,-0.009917098173424344,-0.00923059468542442,0.0012780851828013695,-0.006134513449693735
2025-05-12,0.06314616899655467,0.037381332657963284,0.07922492438373485,0.024000988384389466,0.054436382368091785
2025-05-13,0.010152280585241868,0.006752478937343431,0.025960620977916182,-0.0002670028025409943,0.05634142002011444
2025-05-14,-0.0028178257737542234,0.03660754807948052,0.005075987003684279,0.008460528771286668,0.041637787832564666
2025-05-15,-0.004144470399044975,-0.008526283757674946,-0.023477274530728898,0.0022561216289509467,-0.0037682699470013015
2025-05-16,-0.0008985774907133148,0.01360086545366368,-0.005497949043630657,0.0025158200042567636,0.004227566230946556
2025-05-19,-0.01173908704907789,0.0021059870241977308,0.0001405090436470413,0.010126108524079136,0.0012555708914034902
2025-05-20,-0.00919624836148425,-0.015371631283944698,-0.005199631291930906,-0.0015254229836257904,-0.008777862303089301
2025-05-21,-0.023059121838798324,0.027930229071071233,-0.002511420212591431,-0.012222561367165596,-0.01919921813560177
2025-05-22,-0.0036122485818445016,0.01370431908756653,0.0016837534717917269,0.0050599524837939835,0.007814918860036713
2025-05-23,-0.03024427887573744,-0.014045779885493936,-0.01493953391012448,-0.010288843235963574,-0.011593795625301828
2025-05-27,0.025298317070217013,0.02629545367495023,0.024335878401318123,0.023346185665684027,0.03206631904936086
2025-05-28,0.0010488254734115632,-0.0031231870215505664,0.0019616338523913424,-0.007228264612688884,-0.0050921217568175026
2025-05-29,-0.00234507522388816,-0.002900893316164055,0.0022841239330506635,0.0028861443683056986,0.032490219098310735
2025-05-30,0.004501160816033689,-0.000698172295790167,0.003782625846765031,0.0036626247995799055,-0.0291687941278016
2025-06-02,0.00423197959474253,-0.01577972806657424,0.03615508860898098,0.003497336510424276,0.016650581167249268
2025-06-03,0.007783846649397574,-0.016860906858698677,-0.006036715731457032,0.0021646280560383424,0.02795160251329598
2025-06-04,-0.002213746602105271,0.011252788491301624,0.031641332964616575,0.0019439176907138922,0.004956867043901525
2025-06-05,-0.010797740805414291,0.0009522138767907862,-0.004840556436982224,0.008213496477298854,-0.013599149821945877
2025-06-06,0.01639826694665114,0.03251873549573414,0.019120174490184993,0.005773218004487157,0.012357914021787986
2025-06-09,-0.012112562253018933,0.015103575601076669,-0.005231459401611294,0.005038498867470098,0.006421192357627836
2025-06-10,0.00605607184084711,0.014254129386131131,0.012016304255930699,-0.003870966156736544,0.009324835355968286
2025-06-11,-0.019193760456297837,-0.006998897152289407,-0.01175971703651335,0.0036099435659899815,-0.007780565515463356
2025-06-12,0.002112895022762018,-0.009303656153099471,-0.00112368544169128,0.01322416250280134,0.015192875966922648
2025-06-13,-0.013805244367089187,-0.005862285914259191,-0.015129209194243098,-0.008165080510427192,-0.020896564410876506
2025-06-16,0.010028031208825672,0.012022704666561301,0.02898093447905481,0.008800777142615956,0.019158991966676142
2025-06-17,-0.014010719296581597,-0.004638839332885669,-0.006964645706792227,-0.0022958026862665015,-0.003939518675062925
2025-06-18,0.004804743182752258,-0.01494737107073274,-0.0020939563028531394,0.0046021071052808615,0.009436588326663609
2025-06-20,0.02248450514132916,-0.03854148767904275,-0.019288072559515812,-0.005913685323681417,-0.011204221179341944
2025-06-23,0.00248757334336136,-0.008701366307523717,0.023712323603812147,0.01801422469496128,0.002224503655632759
2025-06-24,-0.005955331300461331,0.009564803520047294,0.01956964752198509,0.008456762142235563,0.025872182622140638
2025-06-25,0.0062905831155934955,0.023445390718201953,-0.004942450420489464,0.004407191762580975,0.043340194157648115
2025-06-26,-0.0027783626191049127,0.01675646127947905,0.024566795556598242,0.010522701831922499,0.004601133867798479
2025-06-27,0.00039801477495893245,0.028754230634041145,0.010384384225244458,-0.003035451888013796,0.017610611785741304
2025-06-30,0.020340134193924886,-0.012882979672595218,0.006079412492183689,0.002964074054145005,0.0015214185022018878
2025-07-01,0.012916154224275056,-0.002213086319032609,-0.025566105800957972,-0.010775866174716486,-0.029685373444153784
2025-07-02,0.022230770203315764,0.015923582922107826,-0.00785571910821492,-0.001950980777077449,0.02576640912401551
2025-07-03,0.005225041050401336,0.004982093956777733,0.007623652504077372,0.01578120791675297,0.013290887733134138
2025-07-07,-0.016857939297312052,-0.015262058445122517,-0.0009179163926480438,-0.0022452133265176144,-0.006903425874769886
2025-07-08,0.0002858039892503772,-0.013745106583103461,0.003229602870652215,-0.0022100998850178577,0.01112235955220875
2025-07-09,0.005380715910463962,0.012961687697069735,0.016803857589474447,0.013873849785578818,0.01799999599434221
2025-07-10,0.006014939675876629,0.005661835122193759,-0.007560321626435607,-0.004031705316035028,0.007490231782154355
2025-07-11,-0.005884835805047839,0.01446917662459013,-0.013379285891071513,0.0036691290886827765,0.004996907154757091
2025-07-14,-0.012028812490351148,0.007602992953269938,0.004752482495591792,-0.000596086828139053,-0.005153971450429062
2025-07-15,0.0023488240612374867,0.002423519418564002,-0.014606239154778877,0.00556639023300276,0.040409468627178535
2025-07-16,0.0050212956703405975,0.00532966056423767,-0.01052954214447721,-0.00039540699393569856,0.0039250466013800445
2025-07-17,-0.0006661853268702389,0.0033338600266250573,-0.0021339491684080336,0.012024873520068091,0.009511613744672687
2025-07-18,0.005523241182089356,0.00806182982389525,0.004091813499475405,-0.0032245775907299157,-0.0034103992656315807
2025-07-21,0.0061558702516160135,0.027234470780260978,0.012338761619513638,1.9597398712045688e-05,-0.005974107010490393
2025-07-22,0.009036182474420285,0.006522880816912213,-0.011445059678735103,-0.009391045243034468,-0.025382232472884958
2025-07-23,-0.0011660856188711044,-0.005801195087693611,0.012443090523611477,0.0011875122281272965,0.022451043366986
2025-07-24,-0.0018211487803653226,0.0101981627314498,0.001709689355221533,0.009903715255829226,0.017332274087179744
2025-07-25,0.0005614197975087887,0.005255746356593649,-0.00296589430885974,0.005539566378135463,-0.0013813961041784228
2025-07-28,0.0007948746335069146,-0.00310587511308269,0.006945691253838371,-0.0023555209851178205,0.018731989106281377
2025-07-29,-0.012987651582609505,0.016460653729744257,-0.02456705351276456,0.00013658563818119696,-0.00701563995343113
2025-07-30,-0.010507881543836084,0.003984721165483096,-0.006842820177952014,0.0013071070651766714,0.021423415612506602
2025-07-31,-0.007079622090835236,-0.02355877991784605,0.11252716637391091,0.03947470453976676,-0.0078095147785869345
2025-08-01,-0.0250035932739211,-0.014434561707329485,-0.030293219233175295,-0.01760072001226609,-0.02333164124835896
2025-08-04,0.004792974350137147,0.031248294135184373,0.03514620180203765,0.021999259295981233,0.03615013766361175
2025-08-05,-0.0021146907604691068,-0.001896995776040522,-0.016628686523750602,-0.014730087451690799,-0.009666733498278846
2025-08-06,0.05090680618623611,0.007294320092593232,0.011172797768208342,-0.0053244351410633994,0.006507394244785081
2025-08-07,0.03179364268982976,0.002192925408914803,-0.013160779328520111,-0.007810398227357296,0.007524277913753652
2025-08-08,0.04235792328538146,0.024933814520254227,0.009805342631409975,0.002303907839930286,0.01067652067844116
2025-08-11,-0.008337416841468825,-0.0020851554748789747,-0.004458581532918782,-0.0005171525785138131,-0.003503037563961864
2025-08-12,0.010872441677679756,0.011641775508102858,0.03150663050056579,0.014316580058936212,0.006042003347467295
2025-08-13,0.01602441991019199,-0.006786597929936633,-0.012556911175657937,-0.016363020350273483,-0.008571763966649049
2025-08-14,-0.0023571895917441354,0.004852378555552539,0.002627892696104084,0.003649715185283675,0.0023679810043872873
2025-08-15,-0.005112133549474374,0.004730436677749195,0.003963524269323893,-0.004421230659529152,-0.008625449460479717
2025-08-18,-0.0030225698834628334,-0.0019616729992227855,-0.02274493796188104,-0.005901995633061485,0.008645020880647225
2025-08-19,-0.001429259958971918,-0.009483995050079685,-0.020707077540709218,-0.014175136000177835,-0.034998013839239506
2025-08-20,-0.019734572779050663,-0.011162432582165205,-0.005003517571276372,-0.00794472392905854,-0.001366452784833938
2025-08-21,-0.004911289931109564,0.0021573120696150028,-0.011528394680740628,-0.0012874574564821772,-0.0023945644326968107
2025-08-22,0.012716766064777785,0.031739678470673605,0.021228557786528768,0.005929757278004377,0.017202033480534507
2025-08-25,-0.0026343118159346535,0.011645408839101368,-0.001974083798060855,-0.0058553341804989945,0.010225311093573941
2025-08-26,0.009464667467088184,-0.006475164325745242,0.001062045890046992,-0.004402493114088024,0.010900367670896083
2025-08-27,0.00514590705653295,0.0016413777604888935,-0.008911267262613931,0.00936176720870363,-0.0009352065559826706
2025-08-28,0.008980832210059075,0.020050189698274323,0.004990759441897197,0.005722904191400424,-0.007874516613228466
2025-08-29,-0.00180597769760249,0.00600073100443832,-0.01652218926082094,-0.005788423440546087,-0.03324642128304889
2025-09-02,-0.010424735828844955,-0.007326982143995853,-0.004859980794890473,-0.0030985559546348185,-0.019519964928560563
2025-09-03,0.038089848308826335,0.09136500745700982,0.00263910073165996,0.0004553590999198942,-0.0009368627758283843
2025-09-04,0.005493343195739575,0.0071100321220396445,0.015738482336541626,0.005184515851476723,0.0060954526746064275
2025-09-05,-0.00037532879451496193,0.011622895873477201,0.005075785987299852,-0.025533006259296664,-0.027030183986951672
2025-09-08,-0.007551410322323426,-0.003194408754602418,-0.0001994346348722642,0.006464671125315569,0.007723564088240931
2025-09-09,-0.014839409394815983,0.02388485625123682,0.01781208308365212,0.00042150030094911806,0.0145564601601742
2025-09-10,-0.03225949486019408,-0.0019196540687471675,-0.017918255958653484,0.003932488193810091,0.03847512165898026
2025-09-11,0.014286368839370622,0.005017338953168027,-0.0014361446800837951,0.0012790827881028477,-0.0008459798617036496
2025-09-12,0.017562963814985233,0.001788941811812439,0.006245827384848912,0.017744124783092063,0.003668844397986648
2025-09-15,0.011235910376080627,0.04489201587040781,0.01205675713754406,0.010707965327386493,-0.00039369767931174415
2025-09-16,0.0061258849469238985,-0.0017884700415349286,0.01870013036330964,-0.012263227620067041,-0.016146245385021074
2025-09-17,0.0035272375318422533,-0.006489906271085144,-0.004210505023040101,0.001925154118143313,-0.026246634655319623
2025-09-18,-0.0046445482440198305,0.010018835459584041,0.0058397785844446215,-0.003078265245401113,0.03494046885675561
2025-09-19,0.03203293660995743,0.010673342278439968,-0.002396713454425159,0.01864486230927631,0.0024398131092768782
2025-09-22,0.04309566831880085,-0.008597685422860546,-0.01632053228812458,-0.0067190170833154594,0.03928229191902566
2025-09-23,-0.006443275472520216,-0.0034451159125369335,-0.012755435559911543,-0.010146760806378219,-0.028212014146021813
2025-09-24,-0.008332331793480807,-0.01796075739762648,0.006963130209783452,0.0018066156556137969,-0.008182432970958109
2025-09-25,0.018072995928489766,-0.005462515605930585,-0.015447112264138307,-0.0061158387817614734,0.004068493053832389
2025-09-26,-0.005489112898051984,0.0030513854122893314,-0.0068899778739298645,0.00873714116807034,0.0028138893192084513
2025-09-29,-0.004031997224675621,-0.010099741632933035,-0.00047055540966389753,0.006139256605245391,0.02053989343938012
2025-09-30,0.0007861188255666729,-0.0038926323964876275,-0.012133466821391936,0.006509982083227506,0.026010423804146532
2025-10-01,0.003220327729275496,0.007404309945604481,-0.023203216201485355,0.0033980301653540046,0.003537376222704669
2025-10-02,0.00657666061710982,0.0032258414234824784,0.013536064591382901,-0.007638936272985952,0.008812186755381202
2025-10-03,0.0034612223931820285,-0.0013838427877085335,-0.02268068291209524,0.003121699658835464,-0.0067235125023275
2025-10-06,-0.005154587353288997,0.020705059897664357,0.0071774031798306215,0.021687508007657064,-0.011086248188821868
2025-10-07,-0.0008180741481198517,-0.01864791880176797,-0.003605002587124484,-0.008683857940984696,-0.002694836790410604
2025-10-08,0.006160271773966164,-0.004638669495155456,0.006675281387145127,0.0016603594595525628,0.02199528465138445
2025-10-09,-0.015577789314472068,-0.012631822416684813,0.02182935239596384,-0.004667907565661822,0.018296265150970603
2025-10-10,-0.034522080166306646,-0.02053571597791637,-0.038458946158989815,-0.021898990092536486,-0.04886536482426518
2025-10-13,0.009744360696440912,0.03204119853569298,0.014745533239843622,0.0060474330467461535,0.028172109406748413
2025-10-14,0.0004441597703503941,0.005324608168161493,-0.00985047879380141,-0.00093372333459385,-0.04402085929536681
2025-10-15,0.0063364896410271765,0.02273376207143052,0.012559039119860449,-0.0002726301116511287,-0.0011109090129327592
2025-10-16,-0.007580008893106838,0.001712974292560121,-0.007637071370602655,-0.0035448013364658415,0.011010374839450998
2025-10-17,0.019559492412937862,0.007317252401032315,0.006811093763326115,0.003850651462417254,0.007755369237354204
2025-10-20,0.03943873008454002,0.012830575215377449,0.02127155102874445,0.006250167122328731,-0.0031656032485013474
2025-10-21,0.002021044840732289,-0.023737990133977593,0.001502433378546053,0.0016834597306014665,-0.008103349389427028
2025-10-22,-0.016440145325788524,0.004910946636459412,0.00019086231477283278,0.0055635069973014595,-0.00485761131057294
2025-10-23,0.004372119604812541,0.005522664294033808,0.0008044979984918044,3.8459161822324006e-05,0.010428249919804289
